{"type":"FeatureCollection","features":[{"type":"Feature","properties":{"zip":"72204"},"geometry":{"type":"Polygon","coordinates":[[[-92.40718700019036,34.67451999981234],[-92.39557700008355,34.68566099971297],[-92.39425499978556,34.68203200012439],[-92.38427699959814,34.68541399981221],[-92.37639300018576,34.68290399972549],[-92.34429899962448,34.70767700010845],[-92.33495300017205,34.705549000148366],[-92.32977000035872,34.71674199964529],[-92.30857299987673,34.716601000027964],[-92.30266000031745,34.72340699981827],[-92.30193399987114,34.74350600035622],[-92.35898000012453,34.74569999977907],[-92.35815300029418,34.74079500033867],[-92.37230300034156,34.740287000103216],[-92.37489299961254,34.73250700026698],[-92.37961799966645,34.733481000000346],[-92.38271099980099,34.72822300035451],[-92.39241500035205,34.72462000022446],[-92.39171999986786,34.72122199970434],[-92.40110200020364,34.72144800029006],[-92.40718600036546,34.674892999736386],[-92.40718700019036,34.67451999981234]]]}},{"type":"Feature","properties":{"zip":"72209"},"geometry":{"type":"Polygon","coordinates":[[[-92.40718100034258,34.674324999999364],[-92.40241699993061,34.66188599988633],[-92.37527400027737,34.670066000066896],[-92.38073599974993,34.65541900015589],[-92.36317100025104,34.655086000338564],[-92.36347699967449,34.63392899996967],[-92.34878400037721,34.645544999875725],[-92.33611399991322,34.65013799967536],[-92.33382000001995,34.65545899982867],[-92.31008199977248,34.660314999633144],[-92.29765300023124,34.688396000330684],[-92.28016900002488,34.70320699987546],[-92.28362399965935,34.70286499982542],[-92.28199799958776,34.7078240002779],[-92.30187600014482,34.71589899994177],[-92.32330100023243,34.71843499969554],[-92.32995299975852,34.716604999920904],[-92.33495300017205,34.705549000148366],[-92.34429899962448,34.70767700010845],[-92.37639300018576,34.68290399972549],[-92.38427699959814,34.68541399981221],[-92.39425499978556,34.68203200012439],[-92.39557700008355,34.68566099971297],[-92.4071479998323,34.67435099965624],[-92.40718100034258,34.674324999999364]]]}},{"type":"Feature","properties":{"zip":"72023"},"geometry":{"type":"Polygon","coordinates":[[[-92.18741899976506,35.01134600028733],[-92.18786099963093,34.990967000064465],[-92.17808400018328,34.986679000051836],[-92.17294800022562,34.98128699996914],[-92.17522000037759,34.97755899977704],[-92.1676249997719,34.97253599984402],[-92.17298599986046,34.95898500032704],[-92.1498390003401,34.95479200002087],[-92.14978099971545,34.95825199994295],[-92.13189900002415,34.959898000207176],[-92.12337299983106,34.95409399973085],[-92.1363500004417,34.95443800026641],[-92.13646199969635,34.95178900015795],[-92.12708199990874,34.951828999843904],[-92.11578499979638,34.942312999825795],[-92.112758999609,34.942058000061635],[-92.11341899993307,34.947183999912994],[-92.09488100011565,34.946945000364586],[-92.09020200009249,34.940559000144596],[-92.07597099985426,34.943194000272264],[-92.08209699984887,34.93941600002165],[-92.08230600008623,34.932101999968005],[-92.08949699956257,34.933281999960336],[-92.09123899998512,34.92949499982235],[-92.08683199994853,34.92939200011832],[-92.09011500005387,34.92014199979362],[-92.0866110000156,34.9183989998867],[-92.07226299960148,34.92463100015558],[-92.07437400009498,34.86659999967766],[-92.0434689997623,34.86622900027105],[-92.04742600043541,34.85958399970421],[-92.03539100018115,34.85287199985637],[-92.03414300040133,34.85718800030746],[-92.02619899981619,34.85698800030188],[-92.02296500011465,34.86104199970242],[-92.0201160003776,34.85658700000158],[-92.01593000027394,34.861044999716704],[-91.99892300009357,34.855594000343],[-91.99074800042804,34.86171899991057],[-91.98069400007265,34.858885999702984],[-91.98337100028056,34.87663699995728],[-91.98953300026018,34.87665500031269],[-91.98959900038244,34.879846999792136],[-91.9729689997706,34.879746999767555],[-91.97230099994894,34.883765999685025],[-91.97649799992323,34.885909000164965],[-91.97156500035517,34.89568300026188],[-91.97834400010285,34.90552300005074],[-91.95735400020843,34.9051739998513],[-91.95537699960923,34.91230999981735],[-91.95207599996054,34.912313000170414],[-91.95537300030959,34.91754900022673],[-91.94364199982896,34.922837999889936],[-91.97196500038827,34.94282199992935],[-91.97096000028269,34.94874199988034],[-91.96431700007912,34.95238100029075],[-91.9641389998039,34.95973800016411],[-91.9685960000692,34.9598189996406],[-91.97040600026381,34.98167499980474],[-91.98882400043061,34.98372500026655],[-91.99040000027351,34.97644600028342],[-91.99238899966996,34.99635500032532],[-92.00702999998703,34.998015000257574],[-92.01167700022313,35.00441599985573],[-92.01849500032887,35.00527100012653],[-92.01780700041569,35.032164000014276],[-92.04827199963401,35.029394000288534],[-92.04391700037428,35.03125899990264],[-92.04376000001542,35.03668799998469],[-92.09396399987362,35.0408769997236],[-92.09391899966778,35.04469999981895],[-92.10503300038036,35.04484199979824],[-92.10872800021433,35.041283999942664],[-92.12003299982432,35.04393799984717],[-92.12062100017837,35.03819200000853],[-92.14264499959239,35.03779100017931],[-92.14603900002581,35.02730200031298],[-92.17400600003465,35.02791400005427],[-92.17405399971523,35.0184290002954],[-92.16292300018252,35.01313099983265],[-92.18736799971144,35.01368700009047],[-92.18741899976506,35.01134600028733]]]}},{"type":"Feature","properties":{"zip":"71901"},"geometry":{"type":"Polygon","coordinates":[[[-93.10953599983854,34.51865399993986],[-93.09271799980405,34.51360100014746],[-93.09283900017789,34.51070200008791],[-93.08225599991795,34.513347000118834],[-93.08074700002221,34.50913000005065],[-93.07221699963115,34.508908999892476],[-93.07994699995605,34.50479500030907],[-93.0763020003508,34.504811000034614],[-93.07847200039551,34.501914000257784],[-93.05657199993173,34.50165100018911],[-93.06090699999831,34.4931359997565],[-93.05980200033362,34.478840000194324],[-93.04720300001475,34.474850999696756],[-93.0422150001951,34.465498999929686],[-93.04555000017899,34.451482999914994],[-93.05334999992577,34.449706999891106],[-93.05273099960957,34.442903999749994],[-93.01544699956229,34.44313300018282],[-93.00173799955587,34.439533999696785],[-92.99092400021557,34.44309799967204],[-92.971001000351,34.429028000370074],[-92.96902499957672,34.45259800023119],[-92.96379300025791,34.457293999831585],[-92.95886200033968,34.4554109996572],[-92.9527959997212,34.44444400007521],[-92.93472099968606,34.45215899975416],[-92.91334400017733,34.44394900020913],[-92.91424800000057,34.44734100002304],[-92.9074919998191,34.44926899982085],[-92.90418600014753,34.45808999972448],[-92.91446599956045,34.4659510001248],[-92.91506399996027,34.506131999864564],[-92.89460700016828,34.50724599987493],[-92.88117199979824,34.51606800031804],[-92.87895599972278,34.528897000105054],[-92.86772999975551,34.52475700023866],[-92.84196299992861,34.54049799985363],[-92.81395900010986,34.54766200030723],[-92.84081999973078,34.54407200004734],[-92.88107899991184,34.56285799974884],[-92.89285700024813,34.56139400005805],[-92.90919800025665,34.54898699968902],[-92.91329700032166,34.55359800016343],[-92.90833299989315,34.56035499986348],[-92.90968500032834,34.565207999801416],[-92.9326750003882,34.56055600022728],[-92.93385700004578,34.56395099978921],[-92.9172490000736,34.57931200035151],[-92.8897649999385,34.595558999936394],[-92.90945199980152,34.6003859998237],[-92.90984699981175,34.60634100004052],[-92.89391400023223,34.61388600009796],[-92.88788000029913,34.609101000254654],[-92.87601400009929,34.61333600017394],[-92.87574200011274,34.6205520000879],[-92.8845469999651,34.624161999819485],[-92.88475700002738,34.61707299978848],[-92.90067299988844,34.616719999824376],[-92.90574000024912,34.620906999688486],[-92.90806500010456,34.61697500025058],[-92.91127100021698,34.62467499972859],[-92.92438099999869,34.62488499970595],[-92.92639399968459,34.63115600010648],[-92.9287820001875,34.62118699968704],[-92.9458329998505,34.621807999842716],[-92.94557799958237,34.62914599981383],[-92.94991600002199,34.6292420002931],[-92.94968099984534,34.636458000043135],[-92.95238999984032,34.63647899966922],[-92.95228000023548,34.63293200007161],[-92.96109199976054,34.632366999711046],[-92.97591300000266,34.62006100012643],[-92.97230699985714,34.60426100031622],[-92.96790099964545,34.60421799987248],[-92.96956900044815,34.58643799976758],[-92.99036699982365,34.59284199970364],[-92.98590600025871,34.58003600023676],[-92.99944399966259,34.58319399965902],[-93.01662599974514,34.58074800034388],[-93.01337600015009,34.587813000315116],[-93.03375699977407,34.58771699999273],[-93.03397900043024,34.57852200021427],[-93.04441600020198,34.57649099993651],[-93.06525499958536,34.554393000211235],[-93.0615199995684,34.55221599985649],[-93.06218499991536,34.54266399965553],[-93.06845099965207,34.540490999781326],[-93.06443000030315,34.539508000275816],[-93.06384699997197,34.53067700035166],[-93.07155999968012,34.53195700032639],[-93.07609300011342,34.52687700024552],[-93.08471200019294,34.52652700007453],[-93.08478800036093,34.523327000305166],[-93.10267800044812,34.52362300032618],[-93.10943899975416,34.51868699994267],[-93.10953599983854,34.51865399993986]]]}},{"type":"Feature","properties":{"zip":"72086"},"geometry":{"type":"Polygon","coordinates":[[[-92.05267600019587,34.82352900023985],[-92.0488549999652,34.8101369998217],[-92.03671500012896,34.80706899997744],[-92.02559000044405,34.798307000088734],[-92.02921699960766,34.790006000361025],[-92.00615100027814,34.78551799965166],[-92.0045789997349,34.78207299988525],[-92.00935999986531,34.77823599993443],[-92.0025099999725,34.76910600020435],[-92.00448900022154,34.749437999723675],[-91.9758119996599,34.74790000013117],[-91.97148699963905,34.74321199966676],[-91.97112000011624,34.70903999999603],[-91.98023999961289,34.71176399989823],[-91.9769389999642,34.71997099964057],[-92.00730000032375,34.72049999971848],[-92.00780800031187,34.704703000290344],[-91.99332600000348,34.70001300009025],[-91.9911240001717,34.69088400013368],[-91.97181700025024,34.69039300005615],[-91.97230500014689,34.66861000010536],[-91.96330299975271,34.66851800013519],[-91.9633799997456,34.661269000148295],[-91.95457300024343,34.66101999972771],[-91.95460300038064,34.65410300008183],[-91.94587499962286,34.66069000016286],[-91.93453599967769,34.66095500008526],[-91.93562399962396,34.66414200029138],[-91.90616899963578,34.66997400023604],[-91.90656399964598,34.66042200020755],[-91.84471799989393,34.659320000209576],[-91.84504699978191,34.64321299995671],[-91.83229900039844,34.6280729999793],[-91.83153199994423,34.65109299968023],[-91.83706600028516,34.65200499969795],[-91.8354159999241,34.65757899993736],[-91.84609899974315,34.665406000074604],[-91.84870399998105,34.67312499979673],[-91.84543599994431,34.67449600006473],[-91.84467299968809,34.70343000036896],[-91.83512399984605,34.70319900027049],[-91.83494499974591,34.710511000283425],[-91.84455899988527,34.71081900012478],[-91.84444400025754,34.71789599975255],[-91.82633200041249,34.717666999729815],[-91.82558400022485,34.74774200018069],[-91.84334600026556,34.74771499981321],[-91.84256000044309,34.77655800028811],[-91.85152400030412,34.776916999670156],[-91.85142100037196,34.782566000206415],[-91.83364000006468,34.77969799995024],[-91.83206800041977,34.78537700009678],[-91.81847400004106,34.78367499981913],[-91.81370299995639,34.78870299978958],[-91.80652400017563,34.78886100028589],[-91.80585700017885,34.805874999968424],[-91.84178899979094,34.806224999950686],[-91.84041600033764,34.834835000033756],[-91.82277700032058,34.834704999683865],[-91.82128099994533,34.907437999989476],[-91.81257900002514,34.90727799998877],[-91.8123859996813,34.921612000243556],[-91.76528699965318,34.92104500022209],[-91.76383999968174,34.97504000011023],[-91.79773699986661,34.96110500036202],[-91.80327200003244,34.95433900036727],[-91.82978100019918,34.94243200018075],[-91.82984899997123,34.950893000162885],[-91.8387529995578,34.95084799981693],[-91.8388580000381,34.965626999890965],[-91.85630399971132,34.96569699965666],[-91.85648100016161,34.95116400013686],[-91.84763299975323,34.95109800003555],[-91.84749200018625,34.94388699996194],[-91.83895900032046,34.94051400001773],[-91.8390349995901,34.921978000293116],[-91.89193800029587,34.92235199990117],[-91.89206299996933,34.915163999850094],[-91.9008689996466,34.91527399981514],[-91.90090800000465,34.91169199988211],[-91.90537600014063,34.91173199997106],[-91.90527900005625,34.92028400013517],[-91.94885700032764,34.92286400010225],[-91.95537300030959,34.91754900022673],[-91.95207599996054,34.912313000170414],[-91.95537699960923,34.91230999981735],[-91.95735400020843,34.9051739998513],[-91.97834400010285,34.90552300005074],[-91.97156500035517,34.89568300026188],[-91.97649799992323,34.885909000164965],[-91.97230099994894,34.883765999685025],[-91.9729689997706,34.879746999767555],[-91.98959900038244,34.879846999792136],[-91.98953300026018,34.87665500031269],[-91.98337100028056,34.87663699995728],[-91.98069400007265,34.858885999702984],[-91.9896679999794,34.86183499992056],[-91.9985950000305,34.85563600036643],[-92.0022349996129,34.85855200021989],[-92.00214000007666,34.850993999641524],[-92.01440999960923,34.851230000263264],[-92.01114900014353,34.83653200006482],[-92.02262899965568,34.837658000165554],[-92.0230100003205,34.82945600013906],[-92.03130299998679,34.83014199966985],[-92.03484100036025,34.81972199993917],[-92.04041499998583,34.82000500008004],[-92.0404429995749,34.823532000146855],[-92.05267600019587,34.82352900023985]]]}},{"type":"Feature","properties":{"zip":"72058"},"geometry":{"type":"Polygon","coordinates":[[[-92.53151200025437,35.22415100033962],[-92.52927699991231,35.21915100032121],[-92.52295599992404,35.22186599987719],[-92.52515100008313,35.21792099972525],[-92.51910499955612,35.216838000183735],[-92.52763900014517,35.20964900028946],[-92.52444899992624,35.20488599980519],[-92.52912299992654,35.18989200024813],[-92.50019600001795,35.17541999984589],[-92.503409999628,35.17194200008642],[-92.49782500013178,35.164777999684524],[-92.49145200026497,35.167357000328224],[-92.48527400039181,35.16687599980711],[-92.48375499955202,35.162860000258135],[-92.47431799986299,35.164720999918],[-92.4655890001786,35.15647599990711],[-92.4606110004047,35.16881499978011],[-92.44743700015057,35.171135999902866],[-92.44208399955961,35.160566000256686],[-92.39812100022208,35.15774000036547],[-92.39164799989784,35.147087999752856],[-92.38298299978756,35.14221999989055],[-92.35176399963552,35.138912999835334],[-92.35277700013701,35.143827000314744],[-92.34524699982865,35.15383600020064],[-92.30663899983357,35.15206999979008],[-92.30493400011926,35.15660000015387],[-92.31130699998607,35.155411000139516],[-92.307436000425,35.15997199996202],[-92.31742499958477,35.169770999821594],[-92.31056399982131,35.190825999961525],[-92.27886099997062,35.19007199994498],[-92.2755999996066,35.21217100005215],[-92.26886699988965,35.2121030001364],[-92.26845099996305,35.21881799983409],[-92.25779499990819,35.21856700023218],[-92.2516709995634,35.22918799965583],[-92.2452149998559,35.230909999814166],[-92.24158600014417,35.223910999844904],[-92.22105900003199,35.22380799980327],[-92.22080700013693,35.2328049996867],[-92.23460300018198,35.24629300033376],[-92.22992199961067,35.25525899973655],[-92.22022899982859,35.25899299993945],[-92.2196160002585,35.2757800002075],[-92.20775500008152,35.27565600001072],[-92.21638800040475,35.300073000066625],[-92.22629899974672,35.302044000301876],[-92.2268529997656,35.29346699983674],[-92.23014400026683,35.298790000323926],[-92.24179399965831,35.29896900036613],[-92.24276100012905,35.30418300006422],[-92.25365800020833,35.30196200036364],[-92.25333699981798,35.29829800019149],[-92.26354299961102,35.298495999763986],[-92.28080500005953,35.30384500001113],[-92.2805139998064,35.31369499996058],[-92.30433300024471,35.31439499967217],[-92.30551200042757,35.31823700032188],[-92.31581100010705,35.312191000198524],[-92.3212500000134,35.3147679996381],[-92.31587200020641,35.31576600006691],[-92.31551599965596,35.322210999788126],[-92.29456400029466,35.32499499975293],[-92.29304000033032,35.33952100035962],[-92.2886600000579,35.33939100026485],[-92.28857700021723,35.34290099975757],[-92.29734799973438,35.342307000348484],[-92.29998300010953,35.35064099982746],[-92.3103730000256,35.35090299974239],[-92.31039599959183,35.354531000168045],[-92.31926800028965,35.35239000004748],[-92.32756099995595,35.35843200023767],[-92.3397379996021,35.35110200032631],[-92.34989999991255,35.350926999647356],[-92.34375999967423,35.35583699971932],[-92.35196899967492,35.35914100024583],[-92.36342099959799,35.35408900022737],[-92.36264200034655,35.34983099988885],[-92.37180700004902,35.342760999979305],[-92.37153099986449,35.33887099999245],[-92.39084899965658,35.331409999866324],[-92.38819699956302,35.322350000246374],[-92.39575799983352,35.315511999893644],[-92.38967799986965,35.313425999945956],[-92.39193900015098,35.306538999678416],[-92.38668699984237,35.30064700029239],[-92.38874800010716,35.297780000366224],[-92.41361500030878,35.3015560001422],[-92.41498199991427,35.304484000206905],[-92.40915600039364,35.30859999991911],[-92.42126000024486,35.30967099995314],[-92.42656199988386,35.32006799976366],[-92.43176700033679,35.31105200003859],[-92.44096300000142,35.3075890000641],[-92.4401739998059,35.29471699993733],[-92.46058999958998,35.2996589997445],[-92.4638579996267,35.293203999879694],[-92.46980700006931,35.29140200005719],[-92.47257700016367,35.28567599972036],[-92.46666299988115,35.28068199977329],[-92.46724899968707,35.259113000088696],[-92.47629600028708,35.25648099979448],[-92.47640599989195,35.252119999774564],[-92.50151699959271,35.25628999965858],[-92.51388199955986,35.25325900023374],[-92.50368099978967,35.24710299990367],[-92.50375299975968,35.24064800018032],[-92.5110050002337,35.23994999966939],[-92.51156000007748,35.245078999705655],[-92.51515399962912,35.23312700030239],[-92.52220600008658,35.23151099982429],[-92.52165299989262,35.227560000061416],[-92.527720000336,35.230787000071544],[-92.53150300003354,35.224259000293955],[-92.53151200025437,35.22415100033962]]]}},{"type":"Feature","properties":{"zip":"72858"},"geometry":{"type":"Polygon","coordinates":[[[-93.09302699960054,35.139095000327494],[-93.08540299958084,35.12795199992509],[-93.0638980000256,35.11798200029622],[-93.04496500019799,35.11884299972337],[-93.03201699989965,35.12531199996261],[-93.02749699988514,35.132218000213726],[-93.02992600039596,35.155702999692735],[-93.02184100024381,35.16281199982789],[-93.02153900012003,35.17384200007543],[-93.03826300044318,35.17839200036326],[-93.04238500007442,35.18499999977125],[-93.03976700031603,35.21038900032898],[-93.04316199967604,35.21179200016254],[-93.04242299970926,35.22059200030961],[-93.0229309998399,35.23287199975831],[-93.02296799964981,35.24333499995319],[-93.01973899997115,35.24272400035607],[-93.02242799987465,35.24725300024026],[-92.95161599971343,35.24679900011157],[-92.9515060001086,35.25374200027075],[-92.97542099990805,35.25917899991165],[-92.9699109998566,35.261510999986584],[-92.991193999654,35.275557999803745],[-92.9892289996487,35.28347599977197],[-93.02141199989842,35.283895000344934],[-93.02155500001354,35.27664700036572],[-93.01267499981812,35.276411999821995],[-93.01293199973605,35.26720600019241],[-93.02538999958962,35.26216000030155],[-93.02626599982376,35.26539200030532],[-93.04766499997213,35.2706460002266],[-93.05190299995432,35.27711700014082],[-93.04783499985145,35.27708099968028],[-93.04789799960064,35.28411900031659],[-93.066150999911,35.28456800007312],[-93.06554300036377,35.27661099969626],[-93.06084599989893,35.273495000089646],[-93.07020599959509,35.26738699976047],[-93.06325500031826,35.25752299964616],[-93.0767180002774,35.259280999999056],[-93.07710900008965,35.24688599984508],[-93.06857700004876,35.237826000245754],[-93.06901399989175,35.22299500025085],[-93.08536099974805,35.22330299991584],[-93.08013299972889,35.208839999992804],[-93.08313100032719,35.19570800004086],[-93.08744999960192,35.19739999965341],[-93.07617900032713,35.174458000299566],[-93.08466799981201,35.16204200034522],[-93.07993799973524,35.15018399979073],[-93.08295899989974,35.1440310001556],[-93.0929539998056,35.13942799994452],[-93.09302699960054,35.139095000327494]]]}},{"type":"Feature","properties":{"zip":"72543"},"geometry":{"type":"Polygon","coordinates":[[[-92.14424899992267,35.466865000337],[-92.1265019999506,35.464872999752515],[-92.1268540003031,35.450582000218745],[-92.11839900025512,35.45055299969004],[-92.12315500027117,35.44544600022548],[-92.1148009996072,35.44619200033295],[-92.10464500004284,35.44054899979285],[-92.09105999988498,35.44318699971919],[-92.08365299960026,35.41348199970598],[-92.07422299958392,35.40565799991978],[-92.06131399964366,35.40519500020855],[-92.06122199958216,35.41259199983373],[-92.04357099986956,35.41212199977681],[-92.04364399966448,35.40844200027235],[-92.03643899994444,35.40820099972325],[-92.03262100008682,35.39165000035326],[-92.02571000009466,35.383111999638345],[-92.01693700002934,35.38713200010399],[-92.00845900041513,35.38363499982445],[-92.00432299964187,35.38753900005105],[-91.9933009998891,35.381912999881315],[-91.99199000036009,35.38763500000555],[-91.98141399977287,35.380558000064106],[-91.97343199955287,35.3804079999258],[-91.97118899971323,35.376110000044086],[-91.97441999994003,35.376050999744194],[-91.98017500021388,35.3596500003382],[-91.93891099992726,35.35953399982944],[-91.9388370003074,35.38434900036404],[-91.92355800030589,35.3750290002679],[-91.91494599989905,35.37990300012021],[-91.9122240003836,35.3753209997648],[-91.90582700022735,35.3784730001661],[-91.89884599991497,35.3730430003422],[-91.89457000029795,35.37838199991723],[-91.8806629999248,35.380974999876855],[-91.88031099957229,35.38632400018232],[-91.87554299986067,35.38736899979032],[-91.87875399999598,35.39053700029386],[-91.86730399972274,35.39065999976243],[-91.8683849999963,35.41131100029403],[-91.86172199970126,35.413087999961654],[-91.86162499961686,35.41675499990651],[-91.86712299997278,35.417642999873586],[-91.86705100000275,35.42076099976402],[-91.85518499980292,35.41754899982411],[-91.85056600005419,35.4199590000659],[-91.85003399977664,35.43648299990429],[-91.8668500001613,35.437736999799135],[-91.86229599981161,35.44187100021559],[-91.86950700027775,35.45347999969168],[-91.88410099984084,35.45813900028418],[-91.89202299978635,35.452919999727534],[-91.90256000001553,35.45395499995143],[-91.90114800020417,35.50303200016176],[-91.89276500012619,35.503580999773604],[-91.89194400014364,35.511167000150685],[-91.92254800017744,35.5135070001736],[-91.92845300023912,35.51726299981235],[-91.93150600019068,35.52900699990039],[-91.92795000027387,35.53638200029676],[-91.9599440003777,35.53490099975284],[-91.96701600002837,35.52506700033423],[-91.989647000063,35.519379000285305],[-91.99357100022586,35.521005000034215],[-91.99299899976532,35.53112600021289],[-92.01081400040778,35.53056600016805],[-92.02454900035347,35.524354000304086],[-92.03030899975187,35.530769999801464],[-92.02927400040738,35.536657000217176],[-92.04226700001323,35.53884500025341],[-92.04733299965068,35.5319789996367],[-92.04394699961317,35.513116999909194],[-92.0503050003097,35.503875999724116],[-92.07194299993435,35.50963199982669],[-92.07298099965189,35.52257600001787],[-92.08318499979512,35.529412999803895],[-92.10430500028421,35.52723800000093],[-92.10752899994002,35.52285400027064],[-92.14322700009866,35.522520000071395],[-92.14368400003315,35.51386299965723],[-92.13236299963134,35.514642000269205],[-92.12915200039436,35.51053399973196],[-92.14050300003507,35.500076999767124],[-92.13803800043756,35.48978800002787],[-92.14403499966244,35.481702000209935],[-92.14422499963322,35.46694799977844],[-92.14424899992267,35.466865000337]]]}},{"type":"Feature","properties":{"zip":"72114"},"geometry":{"type":"Polygon","coordinates":[[[-92.3026419998758,34.771066000168304],[-92.29016399993075,34.75648899989153],[-92.24034800041008,34.74659100019452],[-92.22198600031977,34.74551199990753],[-92.21816799956382,34.75339900031118],[-92.22949999983628,34.75781900000659],[-92.21552700023922,34.76398299994649],[-92.21771400000239,34.76741100014201],[-92.23506500013933,34.76785199996628],[-92.23455899980105,34.77781200031209],[-92.26041000019184,34.778824000259426],[-92.27903000002502,34.78585799990501],[-92.27788600000225,34.779831000053925],[-92.29738600026754,34.78239700020973],[-92.30127100007232,34.7751240000584],[-92.29279400028302,34.770698999967216],[-92.30166500025763,34.77170299972687],[-92.3026419998758,34.771066000168304]]]}},{"type":"Feature","properties":{"zip":"72212"},"geometry":{"type":"Polygon","coordinates":[[[-92.44379400019513,34.77455900034112],[-92.42443100019719,34.76583200015416],[-92.41575500021628,34.76556600035767],[-92.41564999973596,34.76922700025513],[-92.39583200035166,34.76762500020043],[-92.39635600023333,34.771482999998454],[-92.39016400011646,34.76830699973994],[-92.3909680003806,34.78757599998827],[-92.38787799972079,34.794850999908476],[-92.3811349999581,34.797241000126164],[-92.42711500007782,34.81265000010946],[-92.43102599982186,34.80977100026436],[-92.40199000013334,34.79530599980727],[-92.40366200023568,34.79069200008042],[-92.420193000215,34.79015100013855],[-92.42000099969607,34.79387200015581],[-92.42806300028198,34.79628500023813],[-92.432563000205,34.79160799966569],[-92.43914199993615,34.7946679999594],[-92.44365500027796,34.774656000310344],[-92.44379400019513,34.77455900034112]]]}},{"type":"Feature","properties":{"zip":"72065"},"geometry":{"type":"Polygon","coordinates":[[[-92.4037969999549,34.510419000017194],[-92.3990800002969,34.49793499993786],[-92.38993099958965,34.49099199988258],[-92.3867599996373,34.4658350000198],[-92.36876699961793,34.45987799975453],[-92.35065200029813,34.46594200002027],[-92.34971499996463,34.47420799976685],[-92.27015499985245,34.47559800012759],[-92.27498200001361,34.48066400005534],[-92.27474699983696,34.49212399983476],[-92.14373400026186,34.49155699964789],[-92.14860699955548,34.50009400016241],[-92.14249300015474,34.51827299976795],[-92.15683700037088,34.50597400003965],[-92.19025900017961,34.51748000032869],[-92.19959700013445,34.52422800020491],[-92.20916699989287,34.51973900002299],[-92.21100700022471,34.527960000103306],[-92.22040200008097,34.53311300036862],[-92.21223200043833,34.53282300022729],[-92.21111199980669,34.52934900011803],[-92.20723799987258,34.558395999877895],[-92.22260999976052,34.57158800016068],[-92.2188560003753,34.57419500000422],[-92.22039299986014,34.57886700006019],[-92.23707100015254,34.583956999966325],[-92.29616199987885,34.581608000214246],[-92.29214499982959,34.57204900033685],[-92.29992600020812,34.570626999740874],[-92.30121199962278,34.5651510001644],[-92.33416700034958,34.56550999965314],[-92.33681299969706,34.54932400033829],[-92.32981300001644,34.54799699971737],[-92.33711499982084,34.54415499983258],[-92.32442900036166,34.5326020000156],[-92.33673599970417,34.5266129999103],[-92.34111599997658,34.55056900012104],[-92.35603199975495,34.54770799997922],[-92.35905999959215,34.54540899966443],[-92.3569430001492,34.54244299966899],[-92.37427300036975,34.5283100001725],[-92.38598300003568,34.51023500019324],[-92.40344600032562,34.51041000026857],[-92.4037969999549,34.510419000017194]]]}},{"type":"Feature","properties":{"zip":"72113"},"geometry":{"type":"Polygon","coordinates":[[[-92.44987900018185,34.90147999969162],[-92.44231299988847,34.870608999821584],[-92.44723299993606,34.85698099967732],[-92.41509900009014,34.821497999757135],[-92.38641900005376,34.81880400000343],[-92.37859099981958,34.81127000024784],[-92.37615100033642,34.79975800001323],[-92.34013500016046,34.820321000255944],[-92.3455239998381,34.82738300013447],[-92.35183399995572,34.860298000147836],[-92.38226899993512,34.88805399986832],[-92.39944799964462,34.894471000332445],[-92.40773500036144,34.92400700033098],[-92.41371300021805,34.93141699968777],[-92.41907299958338,34.931549999981044],[-92.41305100024414,34.924813999912494],[-92.41780100041242,34.923679000201346],[-92.4143290001612,34.92151500025266],[-92.417885000078,34.91318899987112],[-92.43650400008627,34.90772499996471],[-92.43709400009016,34.902798999847434],[-92.43836199996146,34.90686600009882],[-92.43914799978393,34.90308400035091],[-92.44326199991757,34.90645299991709],[-92.44982300010537,34.90172799983104],[-92.44987900018185,34.90147999969162]]]}},{"type":"Feature","properties":{"zip":"72104"},"geometry":{"type":"Polygon","coordinates":[[[-93.05910000017676,34.35026999986738],[-93.0564000004026,34.34379999988374],[-93.03983000006522,34.34075000000286],[-93.04440199995827,34.33377899975808],[-93.03582399988663,34.33085700002879],[-92.9775149997848,34.33107400032614],[-92.93780999962263,34.320309999894135],[-92.92433499996794,34.328886000247024],[-92.93335900010342,34.31591100021637],[-92.92227399970315,34.31533399973559],[-92.91546700036639,34.308471999637426],[-92.91841800021069,34.28987900017631],[-92.9300209997465,34.27491299981405],[-92.92709699966636,34.268218999784025],[-92.93080200044442,34.25711999995642],[-92.890919000007,34.25687499980354],[-92.89706000007023,34.25047999971526],[-92.89649000015784,34.22950000014458],[-92.90088399977563,34.225581000177364],[-92.88758700039618,34.22693700036166],[-92.87847000037428,34.213360000082616],[-92.86842000021682,34.2096900000589],[-92.86812999978861,34.198099999645294],[-92.85446099996516,34.19742399997979],[-92.85986899990935,34.165057000332396],[-92.86637800021862,34.15502500031264],[-92.78894799996822,34.15137600018053],[-92.79270999974933,34.159150000283674],[-92.78223000031988,34.169769999857316],[-92.77785000004745,34.15721999979152],[-92.76764000005645,34.162950000152186],[-92.76500999970418,34.1924400000503],[-92.73163999977399,34.194090000191316],[-92.73208199963986,34.18275700024141],[-92.72416999974008,34.18430999978091],[-92.72105999988712,34.186700000052916],[-92.72657999998432,34.20832000005033],[-92.70965999984259,34.208100000099385],[-92.7131799997744,34.219140000160266],[-92.70512999978233,34.23171999971295],[-92.67616699988875,34.23233700023589],[-92.67258199965963,34.27105200008954],[-92.6635469996535,34.288555999929585],[-92.64727599996519,34.29650099963868],[-92.63591699992854,34.29264499998744],[-92.64502200025487,34.29907900017171],[-92.67198099978509,34.29457100033451],[-92.67167700001147,34.298018000213695],[-92.65667199964635,34.298703999648176],[-92.64720700036821,34.30719300020132],[-92.66208799998647,34.314509000100415],[-92.67170999962345,34.30956800032999],[-92.66952399968518,34.38742300001593],[-92.68931600002853,34.39184199996676],[-92.70258700036702,34.4003290001111],[-92.71079800001755,34.40016599990644],[-92.68594599988455,34.42602000004339],[-92.6993400002467,34.443390000309186],[-92.7238619997685,34.4420400001713],[-92.72687899973506,34.451669999787846],[-92.70455800022012,34.468297999775125],[-92.71060800004675,34.47958600003333],[-92.72435999971088,34.47654800022891],[-92.72430000033475,34.482538000223066],[-92.73882100010289,34.47393199997362],[-92.73826399971098,34.50324100020424],[-92.76476399965688,34.503637000077696],[-92.76425200036913,34.52189299983875],[-92.75832700021596,34.52179299998269],[-92.75820199964419,34.52918299980232],[-92.77132400001977,34.535543999915966],[-92.78310300018099,34.53612599970528],[-92.78289599959342,34.53982099986344],[-92.79221099998205,34.54150599967694],[-92.79235900012006,34.54517200019722],[-92.80526200021254,34.54433900020234],[-92.80543600028979,34.53985799990242],[-92.81121199958173,34.53985799990242],[-92.82668399992711,34.518376000025135],[-92.82745300003113,34.525762000088434],[-92.86146400001883,34.525879000349896],[-92.86189099981608,34.52013300008241],[-92.87984200000265,34.52047099979434],[-92.89469000000895,34.50720599987313],[-92.91506399996027,34.506131999864564],[-92.91446599956045,34.4659510001248],[-92.90418600014753,34.45808999972448],[-92.90757800003283,34.449170000318844],[-92.91424800000057,34.44734100002304],[-92.91334400017733,34.44394900020913],[-92.90535100008668,34.42941599973336],[-92.88945500031711,34.424372000170955],[-92.93598799973246,34.389117999660066],[-93.0553650001598,34.39082799989686],[-93.05772000015244,34.37574999965952],[-93.03214999996905,34.367109999657295],[-93.03153999987367,34.362769999805636],[-93.04025400038776,34.35882999979144],[-93.05694000017776,34.359000000111386],[-93.05908000008526,34.35047999993329],[-93.05910000017676,34.35026999986738]]]}},{"type":"Feature","properties":{"zip":"72127"},"geometry":{"type":"Polygon","coordinates":[[[-92.68746200035129,35.16752399985141],[-92.66479199995858,35.16276200035935],[-92.66551900022982,35.14006400011328],[-92.6517199998117,35.139577000351196],[-92.64806000013782,35.13605500035553],[-92.64861400015668,35.11721500008051],[-92.6575770001928,35.11501800021227],[-92.64399399968475,35.11192499991012],[-92.62983399959164,35.11489100026857],[-92.62144399984096,35.10883199978378],[-92.62387699965142,35.09424900016746],[-92.64774499959523,35.08211600023375],[-92.64827400039806,35.07730499967564],[-92.63685099988902,35.07521599989216],[-92.60097600017835,35.0835469999261],[-92.57480299957227,35.111171999730246],[-92.56485600024529,35.115079999974],[-92.55444299986468,35.113417999998525],[-92.5440169999636,35.12596500019556],[-92.53439299977849,35.11495200003477],[-92.52418000031274,35.1146350003301],[-92.53269999975974,35.13350999973333],[-92.55430800014547,35.14426699973685],[-92.55606700028645,35.14892099987243],[-92.55275200039407,35.15480100014114],[-92.54987000014673,35.15281999976693],[-92.54996800005603,35.157028000240544],[-92.56276700039143,35.1563340003519],[-92.5640679998747,35.161815999746636],[-92.55090100019159,35.167316000164185],[-92.5382869998041,35.15778999998331],[-92.54518000025291,35.15735799974464],[-92.5453629996527,35.15220299979277],[-92.54079900015559,35.15212999998388],[-92.54095099959324,35.14807900029914],[-92.51474500027354,35.1306380000697],[-92.50587500012382,35.13839100004159],[-92.51316900043064,35.14372999999859],[-92.50419899982352,35.14727699966538],[-92.50151699959271,35.16328100029347],[-92.50725199977508,35.16686700031075],[-92.50046700017961,35.16865400023813],[-92.503409999628,35.17231400001813],[-92.4997130001442,35.174732000308474],[-92.5289659995677,35.189707999787],[-92.52675200004036,35.19373299989382],[-92.53235800035131,35.19595399995091],[-92.53283000035441,35.20179500016961],[-92.53539899970897,35.198542999804886],[-92.54859499970442,35.20573700019387],[-92.55983999993825,35.21963999965788],[-92.5717849997808,35.22231899989946],[-92.5718969999338,35.22527399998978],[-92.59054100005642,35.22137700000895],[-92.59699099991613,35.22856799988441],[-92.59132900042702,35.24059300010899],[-92.59226000001443,35.24761200028086],[-92.6016909998557,35.247837000002825],[-92.61777300029644,35.24308299990627],[-92.6186570000282,35.22627499972021],[-92.63194099988716,35.22671300022549],[-92.63365800019537,35.22187699964527],[-92.62846500033629,35.22110699980513],[-92.62786199991362,35.211989000149735],[-92.64560399986284,35.2124360002815],[-92.6458680003518,35.20421599969272],[-92.65013300009817,35.203517999927996],[-92.65091600044589,35.19773900022391],[-92.67302500024871,35.18380100034533],[-92.67336099980939,35.17240999991373],[-92.68710900017389,35.167841000003726],[-92.68746200035129,35.16752399985141]]]}},{"type":"Feature","properties":{"zip":"72173"},"geometry":{"type":"Polygon","coordinates":[[[-92.31741899973699,35.16991300015179],[-92.307436000425,35.15997199996202],[-92.31146799964455,35.15558100020306],[-92.30493400011926,35.15660000015387],[-92.30701200010246,35.15360100007665],[-92.30339699973612,35.146926999807576],[-92.28964699972181,35.146564000089974],[-92.28952700007122,35.150176000310594],[-92.28511400018682,35.1500649998225],[-92.28451900016009,35.168184999915276],[-92.28207899977862,35.14877399976511],[-92.2585489999436,35.149442000043116],[-92.25863599998223,35.14582899984975],[-92.26769899957746,35.14258200013134],[-92.26147700022169,35.13891699976173],[-92.26364700026642,35.128048000007645],[-92.284295999679,35.12280199994909],[-92.28545800014342,35.11610499967472],[-92.30751599989263,35.10311700013115],[-92.30021300026331,35.092617999839],[-92.26928199999135,35.091956000210736],[-92.26848899959788,35.088096000108685],[-92.26057400022337,35.08790800000074],[-92.2565849997632,35.073163999891996],[-92.25213400024397,35.07308499986113],[-92.25239199998684,35.06170599994453],[-92.26134199960417,35.062618000283045],[-92.25947700005628,35.02969299964972],[-92.26218600005126,35.02980899985281],[-92.26232599979335,35.022099000203525],[-92.25887700000665,35.01528200000821],[-92.30937799996576,35.01574699979905],[-92.30240000002645,35.010826000283174],[-92.28043799963841,35.00985700010775],[-92.2807049996021,35.00156699967535],[-92.26971100033676,35.0050990000843],[-92.25717800014012,35.003123000080514],[-92.257331000301,35.00601200024617],[-92.24322399991132,35.00858999975181],[-92.24165800011417,35.01484900006921],[-92.16292300018252,35.01313099983265],[-92.17405399971523,35.0184290002954],[-92.17400600003465,35.02791400005427],[-92.14603900002581,35.02730200031298],[-92.14264499959239,35.03779100017931],[-92.12062100017837,35.03819200000853],[-92.11755499980802,35.13831800033137],[-92.12104999962546,35.13573399967901],[-92.12874599961516,35.14467199972355],[-92.12872399987387,35.15419299993097],[-92.17090299985436,35.15870799966672],[-92.17066000018012,35.175704999697984],[-92.1833459996393,35.17360599963507],[-92.19225599997198,35.17788299975167],[-92.20480099986416,35.17380299971704],[-92.21654200039053,35.181138999670566],[-92.22230400033708,35.16492599972928],[-92.23799099986928,35.16556699992483],[-92.24413100010761,35.167229000320816],[-92.24380899989232,35.185537000196476],[-92.2751219997557,35.18629199966258],[-92.27507099970207,35.18997499971332],[-92.31056399982131,35.190825999961525],[-92.31740799986633,35.16998399985675],[-92.31741899973699,35.16991300015179]]]}},{"type":"Feature","properties":{"zip":"72837"},"geometry":{"type":"Polygon","coordinates":[[[-93.24621699964885,35.382713000050714],[-93.20807499980907,35.38198900015055],[-93.20855400038319,35.36688399974732],[-93.18885300027647,35.366917000043365],[-93.18064599992559,35.358758999714006],[-93.17321000022687,35.36249499986206],[-93.15947299973303,35.36050399995197],[-93.16030999960913,35.352483999857746],[-93.14686500009167,35.33694599971601],[-93.13230499996544,35.34047800021237],[-93.12731399977275,35.356112999650804],[-93.12282999974326,35.35788500005774],[-93.02869100013662,35.35683099991138],[-93.02123000032353,35.36088100031319],[-93.02107899981247,35.36393699965171],[-93.0271899997385,35.36407600013229],[-93.02066200006098,35.371951999728736],[-93.01228499983078,35.37434699964495],[-93.0076040001578,35.36753600014389],[-92.99856699960353,35.36716199984366],[-92.9843000002786,35.377634999742114],[-92.98481400011448,35.392117999730864],[-92.9893919998553,35.39234699964477],[-92.98905100027177,35.40668500019432],[-92.99987899985578,35.41308200021452],[-92.99977400027377,35.41978600008919],[-93.04656799980505,35.42239099990746],[-93.04649300036027,35.44405699991575],[-93.04924900021093,35.44596200006194],[-93.04540000039115,35.452376999908616],[-93.06368299994044,35.44515600011059],[-93.06373900001695,35.45179099976367],[-93.06840799999435,35.45157499967785],[-93.05645999977874,35.45411700003501],[-93.05218300033678,35.460726000000186],[-93.04251999979364,35.46384399986229],[-93.03967799972926,35.47893699992502],[-93.014370000385,35.49001100034467],[-93.01309199956964,35.49781700013641],[-92.99246999992123,35.493831999642936],[-92.99000899962337,35.56601300024947],[-93.02834800000494,35.566490999869906],[-93.02562499976626,35.58622499986962],[-93.01308800026999,35.58415199973621],[-93.00672399972568,35.59418900024796],[-93.01183100026932,35.614006000241595],[-93.00598300010907,35.62286600021754],[-93.01091800022526,35.63294699987639],[-93.00149599970652,35.63865399974234],[-93.00156000017896,35.64650100025468],[-93.0099280001883,35.66232000029895],[-93.02254599987543,35.66854000021464],[-93.02372099986032,35.67433600006046],[-93.03674699997644,35.67784599977506],[-93.05224100006312,35.6964280000184],[-93.06762600036986,35.69681200035217],[-93.07672800032314,35.70109599985344],[-93.07618699982474,35.72083900001348],[-93.12108200037126,35.718972999703055],[-93.1239589996974,35.72481900011061],[-93.13299500042677,35.7231139998349],[-93.13255299966256,35.715356999991236],[-93.14071900000556,35.706522000041566],[-93.13497100030273,35.70326100015529],[-93.1417769998146,35.70357299986451],[-93.13835800016513,35.69838200007767],[-93.13407699962691,35.69861000013266],[-93.14161899963084,35.689179999933195],[-93.13078299965093,35.650779999970794],[-93.12003000041,35.6447309997589],[-93.11953499994237,35.63588600016833],[-93.13978000002223,35.60494800017506],[-93.15239000021174,35.60732699997723],[-93.16188299997728,35.598486999698835],[-93.1658129999879,35.59807599986606],[-93.16774500038126,35.60301299979678],[-93.16782499984888,35.59782199973528],[-93.22129500009397,35.59905800034077],[-93.22303999999126,35.50120700023771],[-93.21641699987917,35.50091700005415],[-93.21733300029629,35.49525199993668],[-93.20762200007255,35.48563499985618],[-93.19227100010102,35.47854200006274],[-93.19778000032757,35.4713489999425],[-93.1971569998134,35.46296000017381],[-93.205266000255,35.45759299978705],[-93.20068500014114,35.45188800035216],[-93.22453200016855,35.44278300032055],[-93.22473200018509,35.42530799982165],[-93.21472499968533,35.42525699980924],[-93.21904899988125,35.41421800025945],[-93.23989200036092,35.41377000027749],[-93.23684400043224,35.40235400006132],[-93.24620400012837,35.38272800030766],[-93.24621699964885,35.382713000050714]]]}},{"type":"Feature","properties":{"zip":"72110"},"geometry":{"type":"Polygon","coordinates":[[[-92.98083899989803,35.123007000299744],[-92.97873199960249,35.11867500017331],[-92.96194899972811,35.118460000186914],[-92.96022599957212,35.110451000255026],[-92.95071799973798,35.11473300013172],[-92.95756699980588,35.09202399991168],[-92.93819899978506,35.08566700034613],[-92.92432400009729,35.08465899991863],[-92.91349700033821,35.09069299981432],[-92.9087039996139,35.096579999907334],[-92.90801300022599,35.11777799984869],[-92.84069599988221,35.11762799990698],[-92.85601900026468,35.11063600012541],[-92.8562109998853,35.08809899990359],[-92.82999799999457,35.087661000013426],[-92.82950300042525,35.10260700019041],[-92.81809800035785,35.09677999997626],[-92.80298400021277,35.09877200002073],[-92.79867199971243,35.09096599993681],[-92.78552199974774,35.09088199977031],[-92.78558100019727,35.08712300004422],[-92.79012799997595,35.087183000312265],[-92.79007799974724,35.079947000337945],[-92.7660609998405,35.07944400031719],[-92.76590400037999,35.086655000114156],[-92.7416449997256,35.08680999970671],[-92.74113599991259,35.122867999645216],[-92.73318300000491,35.12597699967828],[-92.71906399991967,35.077589999754466],[-92.70694099980186,35.07198500026148],[-92.6783670000707,35.0773169997068],[-92.64125200007783,35.112271999953116],[-92.6575770001928,35.11501800021227],[-92.64861400015668,35.11721500008051],[-92.64797099955106,35.13579999991459],[-92.6517199998117,35.139577000351196],[-92.66551900022982,35.14006400011328],[-92.66479199995858,35.16276200035935],[-92.68754500019197,35.167463999996265],[-92.67336099980939,35.17240999991373],[-92.67302500024871,35.18380100034533],[-92.65091600044589,35.19773900022391],[-92.65013300009817,35.203517999927996],[-92.6458680003518,35.20421599969272],[-92.64560399986284,35.2124360002815],[-92.62786199991362,35.211989000149735],[-92.62846500033629,35.22110699980513],[-92.63358700005027,35.22338299978049],[-92.63194099988716,35.22671300022549],[-92.6186570000282,35.22627499972021],[-92.61815800026089,35.24090899982362],[-92.6441450001958,35.241437000286396],[-92.6445309999852,35.24501400010096],[-92.64900699961876,35.24131200035264],[-92.64933100038219,35.23422400023179],[-92.68017100041753,35.23495099964801],[-92.67927000006902,35.24649200008664],[-92.69678199986447,35.23702100001951],[-92.71055000032044,35.24261900000745],[-92.72508299978415,35.26374799979502],[-92.74221299998818,35.25924600019927],[-92.75381399987415,35.26503299979353],[-92.75494700002625,35.260611000262145],[-92.76755200019291,35.25728000016891],[-92.76267499980302,35.25464399966747],[-92.76745699975834,35.24734300001553],[-92.76420399979023,35.24205600001844],[-92.77706199967687,35.234391000266385],[-92.77878300018303,35.222354000228485],[-92.78287600040026,35.22377600003442],[-92.78696799989426,35.23395200002379],[-92.79597399958809,35.234943999789685],[-92.80218499997153,35.24581700032228],[-92.81964700043656,35.247970000275174],[-92.80156700037854,35.245260000271806],[-92.79607900006839,35.23416100018657],[-92.78336299957367,35.23012600002066],[-92.7794510000047,35.21408800029728],[-92.76707799964164,35.206251000278925],[-92.76048800003984,35.207985000362804],[-92.75478499964454,35.200021000002515],[-92.75928200009282,35.19152199963946],[-92.77072200032033,35.18774800032947],[-92.77230999985878,35.18276799990478],[-92.79605700032707,35.18016900005188],[-92.79366999964907,35.1767649999375],[-92.79879300008623,35.167245999782665],[-92.82825300009729,35.19020400030125],[-92.82140200037958,35.18090299985555],[-92.82856199989378,35.1725580000202],[-92.82391700020581,35.167591000188146],[-92.8242619999873,35.15802999977743],[-92.8285500001982,35.15768899968073],[-92.82875199986458,35.14023099983754],[-92.81358300036622,35.133260000209084],[-92.78273699958477,35.13540399990236],[-92.76887299976765,35.14456899984002],[-92.7579630001679,35.140871000174144],[-92.78057199956291,35.12775700035021],[-92.81481600007743,35.116193999955804],[-92.82674099982852,35.1250850002474],[-92.84101100042481,35.16696400021588],[-92.85509600017488,35.17383899976614],[-92.86703900036761,35.174256999944376],[-92.92520299980616,35.16787699975525],[-92.95569200021222,35.14040799995422],[-92.97878699985408,35.13153200017015],[-92.97526199989942,35.12515999999997],[-92.98080399973792,35.12311100026962],[-92.98083899989803,35.123007000299744]]]}},{"type":"Feature","properties":{"zip":"72802"},"geometry":{"type":"Polygon","coordinates":[[[-93.25580400002404,35.37860000028554],[-93.24403300025874,35.37256400035625],[-93.24879900032053,35.3675030001009],[-93.24776699955245,35.35633000004152],[-93.25330400026643,35.35323899979814],[-93.25318700009056,35.344184000275725],[-93.22856900030929,35.336092999731065],[-93.23006800015928,35.33059300020719],[-93.24295700000805,35.334653999861935],[-93.24316700007034,35.329853999893444],[-93.23074000017893,35.32766699991442],[-93.24412100012228,35.32525100032846],[-93.23952099974186,35.32032300005051],[-93.24528400041162,35.31792599991024],[-93.24068400003117,35.30978100011601],[-93.21659599997932,35.30946100035968],[-93.2133420001863,35.32022199965081],[-93.20661399959393,35.32185900021132],[-93.20636800044495,35.30350500006885],[-93.23462699963352,35.27385199983173],[-93.19975200000556,35.27172900010344],[-93.1829270002984,35.26169300029529],[-93.15400200003964,35.23313800001145],[-93.1396300002344,35.20882100034353],[-93.13783400028349,35.19263100023266],[-93.13071300022904,35.18019299992019],[-93.11430699992322,35.17099800005794],[-93.10420300023738,35.17325100014975],[-93.08954299965376,35.18383499967751],[-93.07795299963843,35.17875199964034],[-93.08744999960192,35.19739999965341],[-93.08313100032719,35.19570800004086],[-93.08013299972889,35.208839999992804],[-93.08536099974805,35.22330299991584],[-93.06901399989175,35.22299500025085],[-93.06857700004876,35.237826000245754],[-93.07710900008965,35.24688599984508],[-93.0767180002774,35.259280999999056],[-93.06325500031826,35.25752299964616],[-93.07020599959509,35.26738699976047],[-93.06084599989893,35.273495000089646],[-93.06554300036377,35.27661099969626],[-93.066150999911,35.28456800007312],[-93.04789799960064,35.28411900031659],[-93.04783499985145,35.27708099968028],[-93.05190299995432,35.27711700014082],[-93.04766499997213,35.2706460002266],[-93.02626599982376,35.26539200030532],[-93.02538999958962,35.26216000030155],[-93.01293199973605,35.26720600019241],[-93.01267499981812,35.276411999821995],[-93.02155500001354,35.27664700036572],[-93.02141199989842,35.283895000344934],[-92.9892289996487,35.28347599977197],[-92.991193999654,35.275557999803745],[-92.9699109998566,35.261510999986584],[-92.97537900007526,35.26152600000734],[-92.97133000023895,35.256564000135754],[-92.96080700025348,35.25810700024626],[-92.9608509997361,35.25391500029784],[-92.94804700027615,35.25310200024744],[-92.94264199980667,35.257107999799715],[-92.94245600003383,35.26853299972432],[-92.94706100043715,35.268492000028274],[-92.94659299973368,35.290193999955754],[-92.94215599955987,35.29018500019566],[-92.94214600041244,35.297354000205075],[-92.97721000018626,35.312637999918046],[-93.01283200017696,35.3128720002719],[-93.01216199980713,35.32406000017743],[-92.96123400005077,35.31075499967042],[-92.95680799974757,35.31154199984444],[-92.95715900027517,35.31568400010969],[-92.94168399955676,35.31476299974225],[-92.94436499996264,35.319184000068596],[-92.96200800017765,35.32331499968142],[-92.96221499986689,35.32709100003505],[-92.95017399976484,35.326556999763625],[-92.95024800028301,35.33386000026455],[-92.9547239999166,35.33390099983113],[-92.95061200033109,35.341646000046914],[-92.93479500020422,35.33470899982572],[-92.93468300005124,35.34113100009482],[-92.92809599992415,35.341177000097396],[-92.92848099988863,35.34555700000481],[-92.90911399969274,35.34287399974591],[-92.90215599984491,35.350919000168254],[-92.90233300029523,35.34787900008698],[-92.88821099983693,35.3478240002948],[-92.88829700005067,35.34390499999876],[-92.87087800014164,35.33579500015886],[-92.86511299982206,35.339302999980475],[-92.87391299965154,35.35839900013631],[-92.8862099998466,35.37197500011273],[-92.8825419997768,35.38227899990326],[-92.890405999996,35.38739400023885],[-92.88082600019183,35.3934149997049],[-92.87908299994437,35.399485999990226],[-92.8904970002326,35.400475999866444],[-92.8944049996036,35.408528000336375],[-92.90490199964981,35.409029999900596],[-92.90482800002995,35.41317400019282],[-92.93844400000744,35.41296799980914],[-92.95755299956215,35.40373499979676],[-92.96124499992142,35.4096940001508],[-92.97542900030398,35.406517999777286],[-92.9842440002021,35.41795099987463],[-92.99325999994166,35.418051000296806],[-92.9893919998553,35.39234699964477],[-92.98481400011448,35.392117999730864],[-92.9843000002786,35.377634999742114],[-92.99856699960353,35.36716199984366],[-93.0076040001578,35.36753600014389],[-93.01352699976282,35.374532999653965],[-93.02687099989627,35.3655959997196],[-93.02118299956956,35.360996000358654],[-93.02869100013662,35.35683099991138],[-93.12282999974326,35.35788500005774],[-93.12731399977275,35.356112999650804],[-93.13230499996544,35.34047800021237],[-93.13655700019135,35.33756899985994],[-93.1477260002572,35.3369659996729],[-93.16030999960913,35.352483999857746],[-93.15947299973303,35.36050399995197],[-93.17321000022687,35.36249499986206],[-93.18064599992559,35.358758999714006],[-93.18885300027647,35.366917000043365],[-93.20855400038319,35.36688399974732],[-93.20807499980907,35.38198900015055],[-93.22849599961604,35.38186899984696],[-93.22834300035348,35.377261000095054],[-93.23378100043493,35.37593999987006],[-93.25552399964155,35.37865300007443],[-93.25580400002404,35.37860000028554]],[[-93.17385499958402,35.290100999698346],[-93.1736489997197,35.301134000067975],[-93.16509699958732,35.30557400019489],[-93.15686500002039,35.302981999960224],[-93.16166000039452,35.30179100028754],[-93.16138699968472,35.29642000006546],[-93.14654799989925,35.29702399990196],[-93.14451500012188,35.3006879998385],[-93.14011999978085,35.29660199965553],[-93.13337000034548,35.29787499994837],[-93.13213799956087,35.29327500028127],[-93.12009599963392,35.29635499985079],[-93.10669100029945,35.290675000259824],[-93.10677499996503,35.28543900005604],[-93.11897000005284,35.285001000001635],[-93.10280800014446,35.27678000029632],[-93.10288099993942,35.27304399984648],[-93.12048300014654,35.27626599968072],[-93.11571700008474,35.27126499988652],[-93.11645299967849,35.26756699997541],[-93.12071199957707,35.268353999861276],[-93.12093400023323,35.26028900021665],[-93.12807600020409,35.26045699988975],[-93.12858699966692,35.256801999750316],[-93.1332099996136,35.258045000216384],[-93.13669299973547,35.25376999981254],[-93.14305999975451,35.2597749998574],[-93.16357500017111,35.266533999636195],[-93.16901999992525,35.2796850002624],[-93.1681289996225,35.28812000028147],[-93.17373400010851,35.289582000060726],[-93.17385499958402,35.290100999698346]]]}},{"type":"Feature","properties":{"zip":"72210"},"geometry":{"type":"Polygon","coordinates":[[[-92.65665900012587,34.73638200032314],[-92.64822900019223,34.735173999811174],[-92.64574100013019,34.74838499973581],[-92.6349000001274,34.749477000340214],[-92.63190900010011,34.75620300003687],[-92.62770600027802,34.75590700015576],[-92.62510400041317,34.73424000010228],[-92.58669999973426,34.73377100008014],[-92.58614200041575,34.72653400005909],[-92.58156899979949,34.72628100009796],[-92.58181499984677,34.71906100030184],[-92.57568300000439,34.71879199973737],[-92.5774940000239,34.713075000303434],[-92.5511849998737,34.71125500007794],[-92.55146400043128,34.70351500032597],[-92.52546699955231,34.699438999882176],[-92.52565300022344,34.692283999792615],[-92.52145399970101,34.68999700020363],[-92.49618300016667,34.68794700003857],[-92.48134400038118,34.680971000351185],[-92.4897869998353,34.67334100011154],[-92.4617389996356,34.6725429996952],[-92.45410100027053,34.65984399995073],[-92.44362000011785,34.662823999685216],[-92.44462199985038,34.64079500030915],[-92.41825599979877,34.64902899985218],[-92.40241699993061,34.66188599988633],[-92.40718600036546,34.674892999736386],[-92.40110200020364,34.72144800029006],[-92.41693000020116,34.7183440002202],[-92.41680299997955,34.72198400005866],[-92.42993100020291,34.722284000021375],[-92.42982800027076,34.730349999771335],[-92.43830400023515,34.73130400022651],[-92.4402220003848,34.737330999897935],[-92.44683600027604,34.73786000035332],[-92.44704899981305,34.73027100003242],[-92.47318399988598,34.730724999810434],[-92.47946100039164,34.74134499963829],[-92.48363599972635,34.74163599965621],[-92.48469899955823,34.73795200002261],[-92.4936590001196,34.742166000079145],[-92.49345999992796,34.745779999704574],[-92.50418600030304,34.74612700026533],[-92.50396899966975,34.740764999949484],[-92.50859099979151,34.746264999947066],[-92.5152089998807,34.74634500006353],[-92.51511900036732,34.75008999971912],[-92.528049000224,34.750228000160796],[-92.53226700011469,34.76123400025462],[-92.54973799990225,34.75828800004582],[-92.54965599988648,34.7616910003093],[-92.65338100004341,34.764512000188105],[-92.65230700034085,34.74481400027688],[-92.6565989998514,34.73644800008926],[-92.65665900012587,34.73638200032314]]]}},{"type":"Feature","properties":{"zip":"72007"},"geometry":{"type":"Polygon","coordinates":[[[-92.12042399963656,35.04438500033047],[-92.10872800021433,35.041283999942664],[-92.10503300038036,35.04484199979824],[-92.09391899966778,35.04469999981895],[-92.09396399987362,35.0408769997236],[-92.04376000001542,35.03668799998469],[-92.04391700037428,35.03125899990264],[-92.04827199963401,35.029394000288534],[-92.01780700041569,35.032164000014276],[-92.01849500032887,35.00527100012653],[-92.01167700022313,35.00441599985573],[-92.00702999998703,34.998015000257574],[-91.99238899966996,34.99635500032532],[-91.99040000027351,34.97644600028342],[-91.98882400043061,34.98372500026655],[-91.97040600026381,34.98167499980474],[-91.9685960000692,34.9598189996406],[-91.9641389998039,34.95973800016411],[-91.96431700007912,34.95238100029075],[-91.97096000028269,34.94874199988034],[-91.97196500038827,34.94282199992935],[-91.94364199982896,34.922837999889936],[-91.90527900005625,34.92028400013517],[-91.90537600014063,34.91173199997106],[-91.90090800000465,34.91169199988211],[-91.9008689996466,34.91527399981514],[-91.89206299996933,34.915163999850094],[-91.89193800029587,34.92235199990117],[-91.8390349995901,34.921978000293116],[-91.83895900032046,34.94051400001773],[-91.84749200018625,34.94388699996194],[-91.84763299975323,34.95109800003555],[-91.86522999993748,34.95119600027844],[-91.86535399978605,34.943931999710564],[-91.87410199973701,34.9439289997772],[-91.87400700020076,34.95116200035769],[-91.91095800016211,34.95179199980379],[-91.91096300018499,34.962890000230765],[-91.91977399988512,34.960371000021375],[-91.9198299999616,34.96654899964533],[-91.9375200000323,34.96683599971245],[-91.93731699964272,34.98126299966097],[-91.94912099991829,34.981432999975056],[-91.94878299980947,34.98728100018192],[-91.95740699991187,34.986756000092896],[-91.96045099964262,34.982932000157604],[-91.96117500043911,34.986779000071934],[-91.96665199998029,34.98681900034019],[-91.96741199986349,34.998441999976635],[-91.97332699997091,34.99637200010875],[-91.97760500013608,35.001866999990426],[-91.97236200004828,35.00807999992847],[-91.9725939998519,35.01690400008716],[-91.95087300038658,35.04527800036739],[-91.96191500023082,35.052283999732396],[-91.97017000026226,35.04959200022994],[-91.97945399979042,35.05332500007891],[-91.98471500031987,35.06012100034576],[-91.99575799998901,35.05897399974198],[-91.99759999997066,35.06387700011446],[-92.00157900038509,35.06232800011111],[-92.01197500014896,35.071957999711245],[-92.01143299982564,35.07596899987704],[-92.02532099993222,35.0710959999688],[-92.03520799988307,35.073241000109014],[-92.0501780000881,35.06706500036222],[-92.06834299963661,35.07519500021478],[-92.07612300019021,35.07471599966403],[-92.08033400040823,35.06831000024352],[-92.08905399987178,35.0647819999226],[-92.10297299994049,35.06877000014907],[-92.10606900044807,35.06540400018111],[-92.11829499959971,35.06732300029944],[-92.12039900042052,35.04508400035427],[-92.12042399963656,35.04438500033047]]]}},{"type":"Feature","properties":{"zip":"71923"},"geometry":{"type":"Polygon","coordinates":[[[-93.34463699979372,34.1588240001902],[-93.3407999996695,34.15480500035351],[-93.34244900020565,34.14987200010328],[-93.33061399996794,34.14928100021986],[-93.30540299980974,34.13985500018727],[-93.3048730000803,34.13333899964831],[-93.28914200016717,34.11938699987116],[-93.28456899955091,34.09828300013277],[-93.27545400007715,34.0864439996473],[-93.27677100035224,34.080460999742186],[-93.26197799969923,34.07535799970187],[-93.25990700028701,34.064040999926135],[-93.24205499983465,34.06198599997024],[-93.22203400006076,34.05178099982346],[-93.17743899998823,34.00346699978473],[-93.15799999982231,34.021689000306395],[-93.10864899973373,34.019745000299935],[-93.107504999711,34.02350500004512],[-93.09657500001974,34.023193000040294],[-93.09685700005205,34.010998999703695],[-93.09417599964617,34.01061300018328],[-93.09692200034938,34.00514199997429],[-93.09689999970975,34.008716999814006],[-93.10541599985712,34.00883600023208],[-93.10568700001876,34.00174399978635],[-93.09476800019817,33.99765100010008],[-93.09501500007039,33.98169600026153],[-93.05666599964307,33.94605000024009],[-93.05486899986725,33.953014999631066],[-93.04182199983472,33.95465399974633],[-93.03393199967624,33.951476000080504],[-93.03864099983664,33.94290300011476],[-93.03798800008357,33.93824700026943],[-93.03318699986167,33.93815799985756],[-93.03718899984233,33.931836999927434],[-93.03239299964329,33.93037699994298],[-93.03199400033343,33.92592800004103],[-93.01906899960133,33.921703999813666],[-93.0188329995998,33.91258299963636],[-93.00790899975631,33.900686999774905],[-93.00931600044312,33.88892100028499],[-93.01675999963945,33.88644999984288],[-93.01272199967377,33.880938000256734],[-92.99911200029987,33.87530000013944],[-92.971875000037,33.8732289997974],[-92.97046300022565,33.86943299999154],[-92.95206500015031,33.865371000219604],[-92.94350700017017,33.859264000013404],[-92.9423410004061,33.85146599980248],[-92.93568499978375,33.850546999789614],[-92.92832600007794,33.84073199985432],[-92.93285799978801,33.83793800025156],[-92.92524200016423,33.8329309998772],[-92.92640700010337,33.82362700009425],[-92.91743099964846,33.821528000135594],[-92.89637299998196,33.80612099987297],[-92.89364600044364,33.80865300007739],[-92.89973599955492,33.816187000072624],[-92.89503599961536,33.82285799996243],[-92.88783699974312,33.82420100010941],[-92.89326999980169,33.8343730002952],[-92.87847500039715,33.837275000167715],[-92.87642699965285,33.84532199965287],[-92.88425400006211,33.85631900035684],[-92.89984900043115,33.856885000158904],[-92.90588300036427,33.86259200016464],[-92.90003500020399,33.86713700007532],[-92.90647099981999,33.87469900035126],[-92.90280699994815,33.8823490001763],[-92.91262000027915,33.893498999634126],[-92.9096879998031,33.898025999731125],[-92.89301299988375,33.903671999658464],[-92.90939099970218,33.90953499996197],[-92.9083999998403,33.91779699986315],[-92.92007500024442,33.926126999958456],[-92.91292200040293,33.93055600004983],[-92.91399799975531,33.933771999696496],[-92.91932600023189,33.93598499976718],[-92.92551099977773,33.929012000047024],[-92.9337380002201,33.93235700012565],[-92.93491300020499,33.938454999680125],[-92.92816000039657,33.94692799965089],[-92.93862300010758,33.94976300006107],[-92.93846699957366,33.96813699983302],[-92.94278599974672,33.96865800009876],[-92.94787599967361,33.96217400020972],[-92.95162900013223,33.96915399994136],[-92.96093299975188,33.97283700011601],[-92.94143599985964,33.992767000023534],[-92.94428700014484,34.00242400033492],[-92.95263000003985,34.005646000092504],[-92.9510089999911,34.01103900030215],[-92.95916399956515,34.01722900021001],[-92.95845100043593,34.03069300005659],[-92.92944599981124,34.02857899973954],[-92.92382299978186,34.015015999864694],[-92.89746299957804,34.024256999809936],[-92.88612000033324,34.03704000008309],[-92.87080000032384,34.0331800001407],[-92.87071699958484,34.0403509998953],[-92.8779859997773,34.04079700036346],[-92.83924999973569,34.06412000003895],[-92.83678199976514,34.10595799965651],[-92.8476500004304,34.10470000014161],[-92.84778000012675,34.11905000033827],[-92.85485099995249,34.11740300005757],[-92.864279000319,34.12703100028736],[-92.87806000029546,34.124670000069855],[-92.88327400007091,34.127387000184164],[-92.87327599979199,34.13520799998605],[-92.87265400000105,34.14377900028755],[-92.8642650000753,34.14686200002799],[-92.8666860001902,34.15496299982123],[-92.92943999996345,34.15688499983512],[-92.92922999990117,34.16405000035168],[-92.93613000002269,34.16834999969166],[-92.96132399956412,34.158093999707546],[-92.97705000035272,34.15868500036276],[-92.97626600018006,34.163982999642606],[-92.96073500028348,34.168036000133476],[-92.96128599992929,34.17511699968053],[-92.95500900032194,34.17827400033558],[-92.95901299995242,34.18494699980948],[-92.95467600023602,34.19904400032658],[-92.94747999983848,34.208100000099385],[-92.98825100020561,34.20889499974276],[-92.98983000042153,34.21361000004655],[-92.99752999971089,34.2130400000568],[-93.00492600012495,34.21848800026094],[-93.00495999956183,34.22235000011262],[-93.01205200020229,34.21940500032686],[-93.01180100013211,34.22842899989273],[-92.99954800031797,34.22258000004805],[-92.98826999957386,34.229379999684994],[-92.9891089999981,34.23299099994589],[-92.99496899985392,34.2331559998641],[-92.99716999986079,34.22948500018935],[-92.99589000029391,34.236730000279735],[-93.00030499982812,34.23696499984718],[-92.98073500014094,34.25308599964833],[-92.97943999960714,34.26245000017447],[-92.96918500030858,34.27248700030328],[-93.0228739999385,34.2739409996392],[-93.02382700016554,34.244995000241744],[-93.02930500042994,34.24504700029846],[-93.02962099989911,34.23775300022673],[-93.0334630000462,34.23466099963231],[-93.07600799972461,34.23609500014289],[-93.0834769999336,34.21471199988982],[-93.0921219999524,34.22909100011083],[-93.11657999990008,34.23149799986459],[-93.11607399956179,34.24617999964188],[-93.18720899976321,34.24781900028595],[-93.1834419999592,34.23625999991973],[-93.18449399992045,34.211374999882246],[-93.20298099968421,34.21122200012724],[-93.20911599989967,34.20636499998417],[-93.22043899995131,34.20787299987897],[-93.21138700022674,34.19992699999446],[-93.21609100036426,34.19460199988894],[-93.22695599975816,34.19871100008074],[-93.23731999973498,34.194419999763326],[-93.25436999957306,34.19842799973275],[-93.25435100020479,34.19369199979107],[-93.24144200026454,34.191422999847944],[-93.242552999777,34.1866500000598],[-93.25293400037059,34.18768700006167],[-93.25487799956117,34.18323600034487],[-93.26527599987317,34.179751000194386],[-93.24945999957122,34.158986000229795],[-93.30677399961321,34.152808000257444],[-93.30507899994464,34.15588000016902],[-93.31238599977192,34.16834100032419],[-93.32379199966424,34.1640230001278],[-93.33082599968004,34.16585199993011],[-93.33057399978496,34.162774999846405],[-93.34462500009813,34.15887599990645],[-93.34463699979372,34.1588240001902]],[[-93.06173200017882,34.12598900009099],[-93.0572039997684,34.12942000028961],[-93.04932399965568,34.12517600031604],[-93.06165099998798,34.12598900009099],[-93.06173200017882,34.12598900009099]]]}},{"type":"Feature","properties":{"zip":"72021"},"geometry":{"type":"Polygon","coordinates":[[[-91.38675999957688,34.900695999648725],[-91.383424999593,34.89568000003792],[-91.37203600031745,34.89620900001289],[-91.36525300037181,34.884878000163816],[-91.35107099963906,34.87471499991823],[-91.34386799956884,34.875587000160486],[-91.34937500014557,34.868227000329306],[-91.36471299969833,34.86819500026306],[-91.36069999984703,34.86191999970962],[-91.36339299994849,34.8569419997674],[-91.3600710003834,34.84568599999551],[-91.37244899987101,34.84290899973624],[-91.3771360002901,34.83429800015372],[-91.37061299973715,34.824843999897666],[-91.37162500041372,34.78269600019531],[-91.29720999958171,34.78192700018847],[-91.29602799992414,34.77331299977802],[-91.2894359997742,34.772509000208416],[-91.28919700029792,34.76700099981817],[-91.28019999992661,34.766894999705535],[-91.27727300037175,34.762387999763426],[-91.28191999970953,34.729585999746945],[-91.25084500039586,34.78086100023148],[-91.24433100006372,34.780764000178756],[-91.2445119998137,34.777099000106475],[-91.23049400001078,34.77695299972344],[-91.20797299958099,34.8092210003192],[-91.20962100029219,34.76572200028679],[-91.1917100002886,34.76529799982889],[-91.19301599979474,34.724937999771825],[-91.1772909997294,34.72085099980472],[-91.16783099957581,34.7059569999207],[-91.15656399960068,34.7039440000449],[-91.1490459998862,34.694732000274044],[-91.15826099981739,34.691367000243],[-91.15846800040492,34.67712500008637],[-91.14072700028063,34.676384000089826],[-91.14030600033117,34.68361900004328],[-91.10425900019305,34.683130000105876],[-91.10370400034925,34.726831000020425],[-91.11251699969924,34.727179000086636],[-91.11244800010225,34.731410000253625],[-91.10243800012778,34.73808200015094],[-91.1016930003132,34.77200299995428],[-91.10916900019488,34.77820400030348],[-91.1145849996367,34.79270899963376],[-91.13570799960053,34.808384999951556],[-91.11853300008899,34.80847999966611],[-91.11803199977356,34.82311600019678],[-91.14435000014458,34.82325400018618],[-91.1635080001031,34.86707899965241],[-91.1624589996166,34.87512999990494],[-91.15301299970673,34.88442799974418],[-91.143970000203,34.88333600013366],[-91.14384899982917,34.889198999712725],[-91.13758800011534,34.894368999993084],[-91.14335900028273,34.90063400001014],[-91.13473000015745,34.90109000013215],[-91.13531799961319,34.905072000279134],[-91.1166049998936,34.91064000012294],[-91.12593899965047,34.92074399971009],[-91.12659399995168,34.93670600025806],[-91.13454000018665,34.93705999999046],[-91.13411000001635,34.955149999819064],[-91.15113200026533,34.95542499979494],[-91.14974999969289,35.00246900026252],[-91.09881600008873,35.001947999747095],[-91.09877000005798,35.01649500019172],[-91.04534400019382,35.01573399971111],[-91.04429300005748,35.07370899979852],[-91.06529200017275,35.059565999788575],[-91.09185099966989,35.05993999997049],[-91.0936890003519,35.04545600025467],[-91.11599700034637,35.04568499998956],[-91.1159439997446,35.0492499997782],[-91.12403100044489,35.04944300003289],[-91.14250899998785,35.04593700007993],[-91.14282199998229,35.0313069998733],[-91.15161099994113,35.03102499973391],[-91.1522140003638,35.00981600015322],[-91.16970299969469,35.00992800023169],[-91.16988400034298,35.00286699971906],[-91.20227299955873,35.003266000172296],[-91.20422900024151,34.958889000152666],[-91.22914599977352,34.94330300023121],[-91.23353199989374,34.94622100009949],[-91.24013599973924,34.93750000012841],[-91.23981500024718,34.92524000025305],[-91.25011999977445,34.92032600025135],[-91.25489800043012,34.9121499997345],[-91.36865799977755,34.91266499983145],[-91.36919000005513,34.899784999644346],[-91.37614600025314,34.89961200010239],[-91.3820999998203,34.90495300024985],[-91.38675100025436,34.90088600029359],[-91.38675999957688,34.900695999648725]]]}},{"type":"Feature","properties":{"zip":"72012"},"geometry":{"type":"Polygon","coordinates":[[[-92.06879299989839,35.11360000015524],[-92.06790900016664,35.10879100026387],[-92.05999399989382,35.105549999792736],[-92.05885400006902,35.09356999966936],[-92.0352689999824,35.09072000004485],[-92.0235240001564,35.08172400004298],[-92.0163360001548,35.081155000343514],[-92.01197500014896,35.071957999711245],[-92.00157900038509,35.06232800011111],[-91.99759999997066,35.06387700011446],[-91.99575799998901,35.05897399974198],[-91.98471500031987,35.06012100034576],[-91.97945399979042,35.05332500007891],[-91.97017000026226,35.04959200022994],[-91.96191500023082,35.052283999732396],[-91.94952699979913,35.044548999818836],[-91.92528999978438,35.04590200031814],[-91.90255699964247,35.02768699991551],[-91.89504999979864,35.032924000205874],[-91.87523400006418,35.02351099970272],[-91.81126199975003,35.033527999882224],[-91.81126599994799,35.0308839996672],[-91.80250899977621,35.03069800022435],[-91.79965599984116,35.04220599990983],[-91.79420799971399,35.042440999934136],[-91.79310800007217,35.03891900006976],[-91.76584099967205,35.050051999705865],[-91.74472500027923,35.047044999915556],[-91.7407020003822,35.05078199982303],[-91.74690899966934,35.05233099972889],[-91.74756099959751,35.057312000320344],[-91.76287300010931,35.06938500001653],[-91.78367999970564,35.06348299982395],[-91.79353900006738,35.06790400008461],[-91.80288399969493,35.06712100016708],[-91.80885499987883,35.07205299970155],[-91.81204500009774,35.06913099965626],[-91.82153399966532,35.075716999835635],[-91.83739699982294,35.07581199986095],[-91.84332799982388,35.08117299990772],[-91.84921100014425,35.080992999676184],[-91.84745200000327,35.083498999780836],[-91.8542919998503,35.08504899978933],[-91.8586839998183,35.101745000192736],[-91.87405099968338,35.09641999964595],[-91.86073000001447,35.104876999903],[-91.86236199993384,35.11134200032726],[-91.85565799963092,35.12783499964843],[-91.87614600028334,35.129794000361116],[-91.8729409999958,35.153643999778126],[-91.88159100003747,35.15369799964438],[-91.88136199970862,35.164593999650286],[-91.89016499991118,35.164651000240205],[-91.89440700009132,35.178487999690034],[-91.9004479996971,35.178046000212206],[-91.89431000000694,35.1793209999108],[-91.89546200042561,35.19016600035414],[-91.9021220003476,35.19044499976447],[-91.89520999963223,35.20464700005858],[-91.94883700023615,35.20564699976713],[-91.96803700002746,35.19101999974538],[-91.97023899985923,35.17946299971467],[-91.98422300022527,35.16608500011974],[-91.98205099963239,35.16026599984144],[-91.9865840000657,35.15151400029651],[-91.9794799997297,35.15188099999218],[-91.97974199967052,35.13819599975382],[-91.9683919998547,35.140294999803764],[-91.97163399995215,35.136128999723205],[-91.9676179997278,35.13204600006882],[-91.97345199964437,35.13175300023263],[-91.97978000020366,35.118560999940165],[-92.01551099997428,35.119456999689376],[-92.01618999966662,35.0976329997524],[-92.02928799975277,35.10301699984664],[-92.02890000031357,35.11232399982591],[-92.03346999965846,35.11248399973506],[-92.03302799979261,35.12687300014403],[-92.06356700042738,35.12734099989263],[-92.06873900037003,35.11381900016421],[-92.06879299989839,35.11360000015524]]]}},{"type":"Feature","properties":{"zip":"72082"},"geometry":{"type":"Polygon","coordinates":[[[-91.6973070004089,35.20947500012402],[-91.68162699965109,35.20916400035896],[-91.67958399982797,35.20403899970078],[-91.67923700039665,35.22302199990369],[-91.6854799996688,35.21882099995035],[-91.68599400040301,35.22372700013465],[-91.67859700016405,35.223760000145305],[-91.66908099993398,35.231058999885015],[-91.67008400038974,35.2236959998233],[-91.6557409999985,35.22750300030228],[-91.65646599972159,35.240737999949815],[-91.64230399997864,35.2518650002603],[-91.63676799998791,35.26668899988794],[-91.64000599988739,35.26712699996645],[-91.64269999981376,35.25530599999482],[-91.6729399997995,35.25384300001341],[-91.68947900017471,35.2407299998439],[-91.6794239999944,35.23863399993696],[-91.68724399983267,35.238405000190774],[-91.68820899975528,35.21646200026863],[-91.69723799991361,35.20952700028001],[-91.6973070004089,35.20947500012402]]]}},{"type":"Feature","properties":{"zip":"72067"},"geometry":{"type":"Polygon","coordinates":[[[-92.31601799979629,35.52562300016589],[-92.24879300041233,35.52353199965779],[-92.24861400031219,35.532059000353364],[-92.24364900005875,35.53248299974936],[-92.23568699993027,35.53048899967342],[-92.23884500036212,35.52038299978639],[-92.23247699961986,35.51599599990894],[-92.21584400043162,35.51579699987699],[-92.21603199985428,35.51904400002291],[-92.20258899998665,35.52496599969889],[-92.10752899994002,35.52285400027064],[-92.10698099976894,35.5400380003192],[-92.10221499970712,35.53996000017938],[-92.10277700012193,35.546255999935504],[-92.09467600007626,35.54359600026698],[-92.09474100037357,35.5470020000805],[-92.08353100029986,35.55016799982898],[-92.08772099970315,35.55279199974124],[-92.08103200036716,35.55275499964701],[-92.09023700025259,35.56495599979009],[-92.0771290001207,35.55173799977422],[-92.07231000035547,35.55636200023891],[-92.07320599978279,35.56128499965531],[-92.06732300036073,35.55965999972346],[-92.06377699959134,35.57237899996338],[-92.0514099999744,35.58808099979017],[-92.03753600011153,35.59161899996766],[-92.03681999971094,35.6139669996653],[-92.04567399996712,35.613991000022224],[-92.04324899965427,35.62082200019639],[-92.04872299972072,35.62563499975555],[-92.06097300006013,35.624805000142565],[-92.06136200022254,35.61929200024344],[-92.06852400028488,35.61779700006019],[-92.08097100026778,35.62120199969408],[-92.09466000018271,35.61738800028501],[-92.09249299961273,35.622842999993914],[-92.09882299982185,35.62272499979005],[-92.09646399963123,35.61921099999706],[-92.10521699960505,35.617981000130335],[-92.1203559998645,35.60358299965153],[-92.12821800043389,35.60665599979766],[-92.13101699994223,35.59950400004369],[-92.14464099955984,35.601212999663986],[-92.14280799979902,35.59944599986589],[-92.14933899984958,35.599249000106774],[-92.1507680002777,35.594729999788576],[-92.15188999966081,35.59842199975382],[-92.15575299972427,35.597420999924],[-92.15451400016528,35.60092699990331],[-92.206232999767,35.58739900001178],[-92.22531899975549,35.588290999747535],[-92.22865399973935,35.57806699992756],[-92.23499999984202,35.57330799980257],[-92.26619399987969,35.57082399979517],[-92.31560100004477,35.55137499999618],[-92.31572900009128,35.54630500019617],[-92.30858899977027,35.54580400035505],[-92.3117940000578,35.53775200001252],[-92.30245699992787,35.54266399974473],[-92.30600100014911,35.53565299963543],[-92.31593999997848,35.532098999950705],[-92.31600899957546,35.52606799991725],[-92.31601799979629,35.52562300016589]]]}},{"type":"Feature","properties":{"zip":"72117"},"geometry":{"type":"Polygon","coordinates":[[[-92.23690399974794,34.777549000126626],[-92.23506500013933,34.76785199996628],[-92.21578300033225,34.765211000053924],[-92.22949999983628,34.75781900000659],[-92.21816799956382,34.75339900031118],[-92.22200700023618,34.74546099971547],[-92.19962600044677,34.74062099999649],[-92.17670599980879,34.72307799978366],[-92.17461500030511,34.7256609998115],[-92.17239400020675,34.721963999677904],[-92.17365700005519,34.72596799966409],[-92.16957899990656,34.72614399993595],[-92.17356499999369,34.72417600006397],[-92.16462799989684,34.720527999859975],[-92.16432999997102,34.73316199977069],[-92.13869600021351,34.718420000243334],[-92.13837099962518,34.72677500030573],[-92.12525699964552,34.722702000039604],[-92.12285899999516,34.71269500003455],[-92.13058099992412,34.70367499979094],[-92.13582499983683,34.706007000203336],[-92.13057300042654,34.69470200015602],[-92.12433699992873,34.69463200008462],[-92.11946700010988,34.71520799988015],[-92.1215169996057,34.72282199970384],[-92.09742199988115,34.715697000058306],[-92.09708700014541,34.721978999963945],[-92.07879500037528,34.721772000058635],[-92.07886899999512,34.73582600017869],[-92.08623699992177,34.74951799971936],[-92.12504599975833,34.75804400011867],[-92.12688799973999,34.77701699994335],[-92.10816999999751,34.76542300004061],[-92.07764700015457,34.76481299993113],[-92.0768110001034,34.78557199999819],[-92.1079859998745,34.78222299972915],[-92.10144999980105,34.787691999707356],[-92.07661299973668,34.7903639998683],[-92.07583899960977,34.8437239998351],[-92.11710500044452,34.84504899992579],[-92.12397799990354,34.84139699997593],[-92.12306300020965,34.8341799999826],[-92.13139799970874,34.836442000054774],[-92.14461700016871,34.83188200005139],[-92.15047700002455,34.82389000006692],[-92.15047000035185,34.833659999850575],[-92.15834600026662,34.84071399986604],[-92.19328700001681,34.82474300015183],[-92.2359840000312,34.77772200034859],[-92.23690399974794,34.777549000126626]]]}},{"type":"Feature","properties":{"zip":"71601"},"geometry":{"type":"Polygon","coordinates":[[[-92.04789300041564,34.24360699987776],[-92.04351999981591,34.22291899973479],[-92.02930399964627,34.22368899979381],[-92.0272209996402,34.219069999907035],[-92.0219959999941,34.22376899983042],[-92.01363399983252,34.22273999992336],[-92.01441600035534,34.20226200000392],[-92.00261399972959,34.199987000047],[-92.0064220004398,34.17650200009989],[-91.99683599988953,34.174305000310774],[-92.0015590002936,34.16991799995919],[-91.9861339998039,34.157114999959255],[-91.99062100020645,34.146136000009946],[-91.98708000035826,34.13945299966421],[-91.97966399985272,34.13721000002505],[-91.97468699990371,34.14009299997669],[-91.97076600011391,34.1202240003687],[-91.96200700029232,34.11483699980468],[-91.96867100041227,34.1104839999823],[-91.95928599970347,34.10177800000865],[-91.95836900035974,34.09483800031209],[-91.86879500007512,34.09331100029356],[-91.86620300025601,34.086064999838996],[-91.85239299996726,34.08338299997471],[-91.84946300003934,34.08360499970131],[-91.84959500028381,34.0932080003139],[-91.80839299992147,34.09457800003866],[-91.80926599978258,34.11813899979344],[-91.76650699984391,34.115078000320665],[-91.79516900033694,34.15243799998263],[-91.77991499955147,34.15296300015201],[-91.76881599980581,34.15950099973654],[-91.72748299992223,34.17015300004469],[-91.72743400041672,34.17372500001194],[-91.76736899983436,34.16682800035869],[-91.78526399994445,34.20050799999552],[-91.82112600013463,34.20982699994924],[-91.85875599978833,34.22705199971596],[-91.89274099983676,34.233606999674315],[-91.91131800001223,34.260547999790916],[-91.9164620003658,34.28857099974617],[-91.93390200019121,34.30050099982245],[-91.94432999974212,34.29405499964936],[-91.94268299975413,34.262209000169186],[-91.95133500034392,34.24771600007906],[-91.9637510003647,34.23708600024716],[-91.98683299958773,34.23201900033358],[-92.0037900004377,34.23423300024543],[-92.01548800040807,34.2443759998694],[-92.01678100039372,34.2531680002927],[-92.03793600014461,34.25398199994699],[-92.03538899963303,34.240703999702454],[-92.04756100015463,34.24642100026808],[-92.0478339999661,34.24392799989613],[-92.04789300041564,34.24360699987776]]]}},{"type":"Feature","properties":{"zip":"72207"},"geometry":{"type":"Polygon","coordinates":[[[-92.36916800037424,34.78788000017756],[-92.3569509996468,34.78164000019301],[-92.35855900017505,34.760073000107674],[-92.33685899972781,34.759398999768486],[-92.3366670001072,34.762974000170814],[-92.32671099966107,34.764534999704594],[-92.32890800036829,34.76666900018038],[-92.31434099967106,34.769794000087266],[-92.31851400025425,34.779208000242434],[-92.34005599961941,34.78392900003959],[-92.33990800037974,34.78868100002337],[-92.36233500019988,34.793553000096175],[-92.36912800019127,34.78795700008162],[-92.36916800037424,34.78788000017756]]]}},{"type":"Feature","properties":{"zip":"72211"},"geometry":{"type":"Polygon","coordinates":[[[-92.45034100013922,34.76390899966895],[-92.44506600026439,34.75534599975383],[-92.43025800044107,34.747883999972416],[-92.42938600040489,34.74053599979371],[-92.4384690000916,34.740805999961964],[-92.44047900030274,34.73686799991587],[-92.43830400023515,34.73130400022651],[-92.42982800027076,34.730349999771335],[-92.42993100020291,34.722284000021375],[-92.41680299997955,34.72198400005866],[-92.41693000020116,34.7183440002202],[-92.40110200020364,34.72144800029006],[-92.3999740000744,34.73225699966803],[-92.3909559997867,34.73963299974357],[-92.39041600001154,34.7684769997172],[-92.39635600023333,34.771482999998454],[-92.39583200035166,34.76762500020043],[-92.41564999973596,34.76922700025513],[-92.41575500021628,34.76556600035767],[-92.42009500030571,34.76533900020846],[-92.44390399979999,34.77449200021209],[-92.45034100013922,34.76408600025232],[-92.45034100013922,34.76390899966895]]]}},{"type":"Feature","properties":{"zip":"72116"},"geometry":{"type":"Polygon","coordinates":[[[-92.27443700021557,34.78361299976858],[-92.26007799993081,34.778770999696754],[-92.23555399986088,34.777821999646115],[-92.21112199985244,34.80525599997745],[-92.22952900014859,34.803894000262154],[-92.23306099977597,34.82601799984502],[-92.2461010001358,34.83281699999417],[-92.24633799996226,34.82636200019951],[-92.25515299986036,34.825290999826635],[-92.25080500027332,34.81911100015803],[-92.25685099990197,34.8228329996822],[-92.26554299977644,34.81975899975744],[-92.25325599962711,34.81258700035467],[-92.26495299977256,34.80237899970538],[-92.26803300038661,34.78597399982698],[-92.274417999949,34.784339000366096],[-92.27443700021557,34.78361299976858]]]}},{"type":"Feature","properties":{"zip":"72002"},"geometry":{"type":"Polygon","coordinates":[[[-92.69431499971883,34.72707800032652],[-92.68399799959768,34.721579999993544],[-92.68860600037404,34.70242700004178],[-92.68171299992522,34.70557399967825],[-92.67620000039904,34.69550499995819],[-92.67273900001847,34.701204000042985],[-92.65913600031725,34.70042999969499],[-92.64356199986462,34.70997599986102],[-92.63943500021053,34.70236199966212],[-92.64548500003716,34.69484300017291],[-92.63679099961455,34.67821299981722],[-92.62311000009552,34.68143100019903],[-92.62118100007524,34.68735700029367],[-92.61753300009691,34.67106099973924],[-92.61312400041051,34.670804999755134],[-92.61289000005877,34.67618199977116],[-92.5978040004011,34.67586300015544],[-92.56393900000326,34.65446600008122],[-92.5526000000581,34.65431600033527],[-92.5484030000838,34.641414000122495],[-92.54189999962233,34.63250800014566],[-92.53740300007235,34.632342000253736],[-92.53758499964722,34.62864999987972],[-92.5246649998363,34.63581999971779],[-92.52382100028754,34.65031900013204],[-92.51463999979322,34.65013500011765],[-92.51436399960869,34.65748299974672],[-92.51986899963728,34.6575870002561],[-92.51973999976586,34.66122900032402],[-92.50535399971692,34.65736200014077],[-92.50582999991799,34.64918899967692],[-92.51474699992335,34.64781699977867],[-92.51479499960392,34.64188299967917],[-92.51049300004762,34.6391949998684],[-92.50186999977014,34.63906900024558],[-92.50188300018893,34.642653999815415],[-92.49711799995204,34.64263300027473],[-92.49678700041424,34.65063899966622],[-92.49242499968518,34.65143999995474],[-92.48821099999243,34.646101000038364],[-92.4934189999201,34.64621900012494],[-92.4936449998759,34.63593500031969],[-92.47319399993172,34.6366239998283],[-92.47386400030153,34.62968699977808],[-92.46124700043933,34.63478000024096],[-92.45943200022185,34.64233199986913],[-92.45338300022013,34.63761499967497],[-92.44812599988866,34.638921999950824],[-92.45348299977924,34.635856999903126],[-92.44918899972055,34.63579699987391],[-92.44605499957814,34.62935299999272],[-92.47711700026966,34.60562399991935],[-92.48662099990584,34.58870800034097],[-92.48743600004062,34.5699900002356],[-92.4779240000085,34.56957399981159],[-92.47849899994377,34.56238600001145],[-92.46403000005417,34.5584490003159],[-92.44886400003054,34.56224699994027],[-92.44504100015004,34.569482000212005],[-92.41971100016616,34.56906999982402],[-92.40972799995585,34.574261000343704],[-92.4086190000932,34.60993099966451],[-92.41023000009619,34.61910500034409],[-92.41706999994324,34.62286799998026],[-92.41688599982021,34.62655300018646],[-92.40095400006562,34.62639599997759],[-92.41368499973065,34.64255099972991],[-92.41222699988855,34.64844099974651],[-92.44462199985038,34.64079500030915],[-92.44362000011785,34.662823999685216],[-92.45410100027053,34.65984399995073],[-92.4617389996356,34.6725429996952],[-92.4897869998353,34.67334100011154],[-92.48134400038118,34.680971000351185],[-92.49618300016667,34.68794700003857],[-92.52145399970101,34.68999700020363],[-92.52565300022344,34.692283999792615],[-92.52546699955231,34.699438999882176],[-92.55146400043128,34.70351500032597],[-92.5511849998737,34.71125500007794],[-92.5774940000239,34.713075000303434],[-92.57568300000439,34.71879199973737],[-92.58181499984677,34.71906100030184],[-92.58156899979949,34.72628100009796],[-92.58614200041575,34.72653400005909],[-92.58669999973426,34.73377100008014],[-92.62510400041317,34.73424000010228],[-92.62780900021018,34.755940999677435],[-92.63190900010011,34.75620300003687],[-92.6349000001274,34.749477000340214],[-92.644905000079,34.749064999994],[-92.64822900019223,34.735173999811174],[-92.65457199992181,34.73542899972618],[-92.65235800039449,34.752071000054784],[-92.6655889996517,34.7588930003238],[-92.66876799999994,34.74396200015411],[-92.68419299959135,34.73904199999095],[-92.69385199993656,34.72760200021206],[-92.69431499971883,34.72707800032652]],[[-92.47079999958102,34.64010699994857],[-92.47067400008264,34.64353700004148],[-92.46520699968886,34.643170999675114],[-92.46875500010806,34.64007899994625],[-92.47079999958102,34.64010699994857]],[[-92.48177500037642,34.64413099974191],[-92.47498700040789,34.64569900033666],[-92.4751420002186,34.642120999763364],[-92.4813519998788,34.64412199967737],[-92.48177500037642,34.64413099974191]]]}},{"type":"Feature","properties":{"zip":"71913"},"geometry":{"type":"MultiPolygon","coordinates":[[[[-93.24770600035141,34.35233700010565],[-93.2432919997438,34.358047000304815],[-93.22981100024134,34.36192899980865],[-93.21716000004392,34.35903999991843],[-93.21732999992324,34.34889999966505],[-93.19960999971534,34.354589999789134],[-93.18388999967287,34.35275999963308],[-93.17903999994547,34.357009000218774],[-93.1638699997239,34.35173300007337],[-93.15750000023013,34.35706000027252],[-93.13878999998526,34.358080000021694],[-93.10247300040872,34.35358499990754],[-93.09383000003974,34.36088999998164],[-93.09574999983921,34.36926999978512],[-93.04678999956289,34.370070000282176],[-93.04536000020818,34.37273999964753],[-93.05778999957433,34.37587000024311],[-93.0553650001598,34.39082799989686],[-92.93598799973246,34.389117999660066],[-92.8895180000663,34.42655599989587],[-92.90388200037393,34.428253000243615],[-92.9129130001821,34.44364699964494],[-92.93384500035022,34.452131000149926],[-92.95318599970854,34.44456199973158],[-92.96155999956568,34.457127999709094],[-92.96892500001759,34.45291800034303],[-92.971001000351,34.429028000370074],[-92.99092400021557,34.44309799967204],[-93.00173799955587,34.439533999696785],[-93.01544699956229,34.44313300018282],[-93.05273099960957,34.442903999749994],[-93.05334999992577,34.449706999891106],[-93.04555000017899,34.451482999914994],[-93.0422150001951,34.465498999929686],[-93.04720300001475,34.474850999696756],[-93.05980200033362,34.478840000194324],[-93.06090699999831,34.4931359997565],[-93.05657199993173,34.50165100018911],[-93.07847200039551,34.501914000257784],[-93.0763020003508,34.504811000034614],[-93.07994699995605,34.50479500030907],[-93.07221699963115,34.508908999892476],[-93.08074700002221,34.50913000005065],[-93.08225599991795,34.513347000118834],[-93.09283900017789,34.51070200008791],[-93.09271799980405,34.51360100014746],[-93.10981600022102,34.5185480001563],[-93.10267800044812,34.52362300032618],[-93.08478800036093,34.523327000305166],[-93.08471200019294,34.52652700007453],[-93.07609300011342,34.52687700024552],[-93.07174399980313,34.53189900031369],[-93.0632229996329,34.53167700007064],[-93.06443000030315,34.539508000275816],[-93.06845099965207,34.540490999781326],[-93.06218499991536,34.54266399965553],[-93.0615199995684,34.55221599985649],[-93.07060300015343,34.552205999892685],[-93.070354999558,34.566625000009246],[-93.09623000023825,34.56725700032507],[-93.09360300025904,34.5743029999945],[-93.08585200001772,34.57929800008115],[-93.09367500022906,34.587956999851215],[-93.11951999987375,34.570972999872374],[-93.11945799994947,34.57956399963772],[-93.12345499990724,34.57616799994037],[-93.1341670000386,34.57674099964447],[-93.1396799995648,34.57004099978699],[-93.14880199960956,34.5671799998483],[-93.15938800024254,34.571918999902536],[-93.16746800037181,34.56671199996092],[-93.17256099977344,34.55119199983802],[-93.19083300035038,34.54415600022175],[-93.18366100024232,34.51904200024546],[-93.18464399970826,34.50751700002927],[-93.21175399974955,34.51046999980795],[-93.21015600016536,34.50738000029625],[-93.1869469998224,34.50313700034432],[-93.17815600021372,34.4945819997747],[-93.17095800016637,34.49594100009079],[-93.16704200039946,34.48533599985596],[-93.15363600034173,34.478255999969605],[-93.18213100043019,34.470606000088495],[-93.18558600006465,34.474589999665014],[-93.21909699956184,34.471922999852914],[-93.22425500015912,34.47573099984504],[-93.2344840004167,34.470353999740226],[-93.23493799997816,34.467373999838024],[-93.20593300025176,34.46443900005731],[-93.21756799957463,34.46304000006353],[-93.21521000010723,34.459225000001304],[-93.18969000015255,34.46196199974878],[-93.18863499981826,34.447898000026576],[-93.19322599997787,34.447848999880044],[-93.19333899995577,34.444207000155096],[-93.1882580002497,34.44424200020125],[-93.18772699979706,34.44095599977194],[-93.18740799995483,34.44423999998732],[-93.17547900000581,34.444153999634004],[-93.17578600015246,34.427746000098224],[-93.19599000022444,34.42982000028823],[-93.20261499998634,34.419911999727994],[-93.21442599993459,34.42887999969541],[-93.22460199959042,34.423402999863],[-93.22739699979913,34.42614100001321],[-93.22370000031533,34.41670400007679],[-93.21545100013167,34.4177920002985],[-93.21602600006693,34.40847499986389],[-93.20281599982779,34.41159200016936],[-93.20295200027022,34.40437599982736],[-93.19408499959526,34.39937300013316],[-93.19800499956014,34.39936899978161],[-93.19790900019899,34.39182900006257],[-93.2296549997074,34.39430099963968],[-93.22995199980832,34.375098999928895],[-93.24743699983959,34.37512800031727],[-93.24767200001624,34.35506999996356],[-93.24770600035141,34.35233700010565]]],[[[-93.2005289996072,34.51088100011774],[-93.2005289996072,34.51084599988577],[-93.20050299966792,34.510768999767805],[-93.20045300033752,34.510701000037045],[-93.20043599972077,34.510687000063825],[-93.20041200032965,34.51066799983204],[-93.20038300001734,34.51064999964743],[-93.20029900035175,34.510597999914665],[-93.20021499978785,34.51055399983077],[-93.20015899971133,34.5105239997266],[-93.20008900028947,34.51048599992457],[-93.20007400022085,34.51047900029033],[-93.19996700009072,34.5104159998543],[-93.19987699967905,34.51039099997364],[-93.19979499966327,34.51038699975511],[-93.19964300022562,34.51038699975511],[-93.19922899994884,34.510388999864425],[-93.19918899976588,34.51039099997364],[-93.19907599978796,34.51039999972426],[-93.19903899997803,34.51040399994216],[-93.1989019997107,34.51041799996293],[-93.19881700022019,34.51042799976479],[-93.19876299979352,34.510442999835504],[-93.19872000013581,34.51046400022611],[-93.19868300032589,34.51049100019174],[-93.198634999747,34.51054800025491],[-93.19862499970127,34.51058600002867],[-93.19862300005144,34.5106320001991],[-93.19862600042448,34.510646000181566],[-93.19863399992208,34.510678999655106],[-93.19866300023442,34.510728999976436],[-93.19868800034877,34.51076699966767],[-93.19872500015869,34.51082200018347],[-93.19874699989998,34.510855000327496],[-93.19884999983215,34.51097999970032],[-93.19889900023595,34.51102699970023],[-93.19891500012947,34.511041999663114],[-93.19895399958922,34.511071000274626],[-93.19898299990155,34.51109199976671],[-93.19905200039683,34.511131000078315],[-93.19913900043548,34.511174999857545],[-93.19920300000958,34.511206999816984],[-93.19927199960654,34.511240999852994],[-93.19931400033765,34.51125100029633],[-93.19936899969093,34.51126500017481],[-93.19946499995038,34.5112739998311],[-93.19967199963963,34.511271999743066],[-93.19979300001346,34.511271999743066],[-93.1998259996254,34.511271999743066],[-93.19989699977052,34.511264000130694],[-93.19995700004499,34.511252000340605],[-93.20000999974842,34.51123400028213],[-93.20005800032733,34.51120999995134],[-93.20019499969635,34.51112699989537],[-93.20028900030601,34.51107200032104],[-93.20038100036751,34.5110159999231],[-93.20047199970578,34.510962999630834],[-93.20050199984303,34.5109379999142],[-93.20051699991164,34.510914000238394],[-93.2005289996072,34.51088100011774]]]]}},{"type":"Feature","properties":{"zip":"72032"},"geometry":{"type":"Polygon","coordinates":[[[-92.52413500010688,35.114649000203976],[-92.50657599955747,35.11269300007546],[-92.48110300035677,35.11746000005579],[-92.47235299985768,35.110109999981326],[-92.44499599994421,35.09892899994493],[-92.41542600032828,35.036157000189405],[-92.41311900001621,35.0159770002214],[-92.41859800010555,34.98953399990896],[-92.409907000056,34.98927200023035],[-92.4095139996956,34.99679099975746],[-92.40415799962993,34.99667699995131],[-92.4038870003666,34.98930599979217],[-92.39110599957455,34.98915899968037],[-92.39616999956216,34.97489300014754],[-92.38278399959593,34.974562999706],[-92.37425800030114,34.96569000019808],[-92.34676599977013,34.96378199970328],[-92.34381999994869,34.95956699994307],[-92.32734199967283,34.96088299996353],[-92.32304299959127,34.97215800015429],[-92.31696799965029,34.97279699971583],[-92.31654900024894,34.987259999978],[-92.2637100000156,34.98629599989007],[-92.26323700018759,35.00462400036541],[-92.2807049996021,35.00156699967535],[-92.28043799963841,35.00985700010775],[-92.30040999990679,35.01037399994266],[-92.30937799996576,35.01574699979905],[-92.25887700000665,35.01528200000821],[-92.26232599979335,35.022099000203525],[-92.26218600005126,35.02980899985281],[-92.25947700005628,35.02969299964972],[-92.26134199960417,35.062618000283045],[-92.25239199998684,35.06170599994453],[-92.25213400024397,35.07308499986113],[-92.2565849997632,35.073163999891996],[-92.26057400022337,35.08790800000074],[-92.26848899959788,35.088096000108685],[-92.26928199999135,35.091956000210736],[-92.30021300026331,35.092617999839],[-92.30750400019707,35.10292000015901],[-92.28545800014342,35.11610499967472],[-92.284295999679,35.12280199994909],[-92.26450699970871,35.12745900008286],[-92.26107299999066,35.13305699969276],[-92.26154400016883,35.1390490001608],[-92.26769899957746,35.14258200013134],[-92.25863599998223,35.14582899984975],[-92.2585489999436,35.149442000043116],[-92.28207899977862,35.14877399976511],[-92.28204100014379,35.1681369996905],[-92.28511400018682,35.1500649998225],[-92.28952700007122,35.150176000310594],[-92.28964699972181,35.146564000089974],[-92.30339699973612,35.146926999807576],[-92.30335200042859,35.15168999973871],[-92.31360300042749,35.15399299977714],[-92.34516099961493,35.153851999909385],[-92.35277700013701,35.143827000314744],[-92.35039799985492,35.13971700018899],[-92.35403999998545,35.138710999991304],[-92.38298299978756,35.14221999989055],[-92.39164799989784,35.147087999752856],[-92.3982480004437,35.15776799997895],[-92.43000599964766,35.153832000273],[-92.4378430001027,35.15542299968906],[-92.43818500040946,35.15967299983662],[-92.46077799991095,35.15776999984609],[-92.46247199975461,35.16069600026434],[-92.46607500042542,35.15646699999438],[-92.46820399956394,35.16217899972],[-92.47325900022906,35.16111300018056],[-92.47423599984722,35.16469599967277],[-92.48375499955202,35.162860000258135],[-92.48527400039181,35.16687599980711],[-92.49145200026497,35.167357000328224],[-92.49778400012391,35.164764000351084],[-92.49923699994314,35.1694040000587],[-92.50546699969483,35.16915600022953],[-92.50688699990211,35.16526099981326],[-92.50148700035382,35.16308799989538],[-92.50409400024154,35.14754200000452],[-92.51316900043064,35.14372999999859],[-92.50587500012382,35.13839100004159],[-92.51262899975715,35.133879000258524],[-92.52396500022758,35.114695000192626],[-92.52413500010688,35.114649000203976]]]}},{"type":"Feature","properties":{"zip":"72034"},"geometry":{"type":"Polygon","coordinates":[[[-92.55979399990748,35.035754000015565],[-92.53529699960173,35.03905500028265],[-92.5263689997257,35.03889200035209],[-92.52642900000018,35.03525799995894],[-92.50706000015444,35.03503599983322],[-92.49341100042248,35.0205489996875],[-92.49193900033667,35.00697300006146],[-92.4715660002103,34.984757999903586],[-92.45603299976557,34.981750999883495],[-92.44245400035379,34.98661699988972],[-92.42518000020972,34.98597100003663],[-92.42413099972322,34.97646000030613],[-92.42203299964852,34.989598999803306],[-92.41859800010555,34.98953399990896],[-92.41311900001621,35.0159770002214],[-92.41542600032828,35.036157000189405],[-92.44436699958226,35.0980040002341],[-92.48110300035677,35.11746000005579],[-92.51903400030933,35.11190900004405],[-92.53439299977849,35.11495200003477],[-92.54312499983591,35.12611400025995],[-92.55388299999802,35.11776199966236],[-92.54091700015636,35.088671999868644],[-92.54116900005143,35.07171700001357],[-92.54652099991915,35.052877999983274],[-92.55942599966144,35.03608600003834],[-92.55979399990748,35.035754000015565]],[[-92.46310299976639,35.07758800012367],[-92.46296499967413,35.081259999828305],[-92.45412300001183,35.08115799965856],[-92.4543249996782,35.075730999776646],[-92.46308699987286,35.07757799976345],[-92.46310299976639,35.07758800012367]]]}},{"type":"Feature","properties":{"zip":"72131"},"geometry":{"type":"Polygon","coordinates":[[[-92.31396699957725,35.36430000003423],[-92.30754199983188,35.35637300002944],[-92.3103730000256,35.35090299974239],[-92.29998300010953,35.35064099982746],[-92.29734799973438,35.342307000348484],[-92.28857700021723,35.34290099975757],[-92.2886600000579,35.33939100026485],[-92.29304000033032,35.33952100035962],[-92.29345799990674,35.324959999771536],[-92.28899300014382,35.3247610000294],[-92.28878499973138,35.33540999966994],[-92.28410400005839,35.33589699972792],[-92.2853440003406,35.34505899964859],[-92.27121400038469,35.33180700021589],[-92.27591500014917,35.320747999718826],[-92.28030299991919,35.32084799970418],[-92.28080500005953,35.30384500001113],[-92.2535229995908,35.29829700015539],[-92.25365800020833,35.30196200036364],[-92.24166300013705,35.304013000248716],[-92.24179399965831,35.29896900036613],[-92.23014400026683,35.298790000323926],[-92.2268529997656,35.29346699983674],[-92.22611999964657,35.31153199965364],[-92.20990000001188,35.31234899987492],[-92.19466500039128,35.31969999964522],[-92.1835430001811,35.316835999968575],[-92.18310899981283,35.3241380001039],[-92.1186450003024,35.32563800023208],[-92.11239100026127,35.32945999989738],[-92.11153500011861,35.362632999922106],[-92.09824899971149,35.3623769998254],[-92.0981509998022,35.36599700029903],[-92.09370399958263,35.36589799970726],[-92.09349299969543,35.37324800034824],[-92.0979259996713,35.376970000089074],[-92.09744899964532,35.3914700001511],[-92.07061899998654,35.394575000237786],[-92.06131399964366,35.40519500020855],[-92.07422299958392,35.40565799991978],[-92.08365299960026,35.41348199970598],[-92.09105999988498,35.44318699971919],[-92.10464500004284,35.44054899979285],[-92.1148009996072,35.44619200033295],[-92.12315500027117,35.44544600022548],[-92.11839900025512,35.45055299969004],[-92.1268540003031,35.450582000218745],[-92.1265019999506,35.464872999752515],[-92.14419799986905,35.46486999997886],[-92.14403499966244,35.481702000209935],[-92.13803800043756,35.48978800002787],[-92.14050300003507,35.500076999767124],[-92.12915200039436,35.51053399973196],[-92.13236299963134,35.514642000269205],[-92.14368400003315,35.51386299965723],[-92.14322700009866,35.522520000071395],[-92.20258899998665,35.52496599969889],[-92.21603199985428,35.51904400002291],[-92.21584400043162,35.51579699987699],[-92.23247699961986,35.51599599990894],[-92.23884500036212,35.52038299978639],[-92.23568699993027,35.53048899967342],[-92.2480030003919,35.532226999844134],[-92.25041600011087,35.45092299969663],[-92.27036499991473,35.448809000058404],[-92.26934399991563,35.43667299992397],[-92.273031000252,35.43656800025743],[-92.27348800018649,35.42399999971706],[-92.27821499989024,35.42043499973073],[-92.27786300043604,35.40751200029076],[-92.28871899960913,35.407021999723675],[-92.29187899969082,35.39731999988167],[-92.29708300031885,35.39375800023828],[-92.29176300023816,35.38929300029421],[-92.26913399985335,35.396568999652644],[-92.27145799988386,35.392676999659336],[-92.26611699988679,35.3908669996592],[-92.26427400008022,35.38397199975571],[-92.28337500013733,35.38281100006801],[-92.29170700016168,35.37458500009175],[-92.28642700026397,35.367651000232584],[-92.31396599975236,35.3643349998254],[-92.31396699957725,35.36430000003423]]]}},{"type":"Feature","properties":{"zip":"72081"},"geometry":{"type":"Polygon","coordinates":[[[-91.74259100021953,35.3179110000746],[-91.73203300007395,35.30734900027678],[-91.73290400028523,35.30209599975482],[-91.71188799955321,35.30158000003861],[-91.72031900021007,35.28538300011756],[-91.70383699973625,35.26652399975175],[-91.67091799989278,35.252869000090385],[-91.64269999981376,35.25530599999482],[-91.64000599988739,35.26712699996645],[-91.61598999980558,35.264435000202525],[-91.611289999866,35.2606740002968],[-91.58978100011281,35.26048200000343],[-91.5890839999788,35.29212099975853],[-91.60436399980523,35.299542000337425],[-91.59731600044404,35.31581400021783],[-91.59052400027755,35.320313999976484],[-91.59856699969859,35.31788699989203],[-91.59905899979319,35.32389999975452],[-91.60714800014328,35.32886100013593],[-91.61002000034489,35.34068199985708],[-91.61795900000885,35.34067700009824],[-91.61888299992356,35.34790200000234],[-91.62343800009818,35.34795600031933],[-91.62324099955637,35.355037999879315],[-91.64228100041241,35.35529699999195],[-91.6428289996852,35.36167500028883],[-91.64929000031387,35.363095000062486],[-91.64084000028876,35.379279000087536],[-91.6456029999775,35.394677999833895],[-91.63992600041978,35.39483900024011],[-91.63983199981011,35.3991450001634],[-91.63042799973306,35.399018000170656],[-91.62925100009835,35.44292800002644],[-91.64830799977452,35.443153999895095],[-91.64550599989312,35.45327399994894],[-91.65467700034169,35.451722999907616],[-91.65086199995879,35.46248300000279],[-91.6433719998334,35.46447800030411],[-91.65154499984911,35.47377700032667],[-91.64625599973058,35.47488999975249],[-91.6475959995719,35.478730000274425],[-91.64034099962315,35.48372600019493],[-91.6437869999351,35.48718200032881],[-91.65069600027743,35.48607400018102],[-91.63895499975106,35.502855999766204],[-91.64778399989287,35.50057700019525],[-91.65061400026168,35.50654800014496],[-91.64580600036709,35.50716400004379],[-91.64816800003243,35.51182699971242],[-91.6421319995512,35.512661000313614],[-91.64018599981246,35.51852799972735],[-91.64795600032032,35.53229300020057],[-91.65394199967454,35.53244300034348],[-91.65442999957118,35.5390440001525],[-91.66107699997268,35.541747999899265],[-91.66329600042123,35.547523000081775],[-91.67163299957012,35.547622000355844],[-91.67197499987688,35.53278299977536],[-91.71199300003352,35.53243000031292],[-91.70551499968639,35.50839899990299],[-91.69513900001402,35.50778000033632],[-91.69264099990622,35.50375600035837],[-91.69850199958697,35.49858999994932],[-91.69720699995149,35.48641800030933],[-91.71310799974393,35.48491000027454],[-91.70516300023219,35.48103799975788],[-91.70932900024437,35.47764800017594],[-91.70790800021219,35.4692019998999],[-91.71097600023235,35.46564199973969],[-91.71293799986462,35.46997999967734],[-91.71943600030322,35.466288999676294],[-91.71833300028837,35.460229999847655],[-91.72560800032859,35.45140099995946],[-91.7218490000222,35.43554500020904],[-91.72950300017912,35.430952999644326],[-91.72640500002171,35.419038999817495],[-91.70887700033276,35.416863999914156],[-91.71391700003093,35.40331099982373],[-91.69930699967601,35.40156500018746],[-91.70478400011551,35.393914000160535],[-91.71646500036742,35.396331000351395],[-91.72053500012014,35.391269000244],[-91.71428199990393,35.36311900000706],[-91.71752599965117,35.347583000337465],[-91.70637099982905,35.34071600011416],[-91.74252799957202,35.31830000023843],[-91.74259100021953,35.3179110000746]]]}},{"type":"Feature","properties":{"zip":"72834"},"geometry":{"type":"Polygon","coordinates":[[[-93.48400900005566,35.19116400017849],[-93.4840400000178,35.18783400030926],[-93.43002199960162,35.18609900028946],[-93.38676200024587,35.177634000029826],[-93.32908599980564,35.176453999757996],[-93.32896299978196,35.168786000132435],[-93.29863599975761,35.167742000054126],[-93.29265899972593,35.160566000256686],[-93.29663200029256,35.14232500005514],[-93.28084000028005,35.1519920002065],[-93.27865699981652,35.16439899972641],[-93.25901000013647,35.152119000318926],[-93.24066499976459,35.15285000032733],[-93.24074400030563,35.149221000256844],[-93.24522099976411,35.149297000217786],[-93.24549100010084,35.13847799987232],[-93.23690700018142,35.136053999787805],[-93.2415319997779,35.12364000020146],[-93.21009800043903,35.12318399965341],[-93.21029599990743,35.11110499997246],[-93.19251999962303,35.10846500003154],[-93.19286100010488,35.0975450000858],[-93.18262799964933,35.09733200009039],[-93.17858700020894,35.10658900010443],[-93.17492900018489,35.10596000007889],[-93.17990500030896,35.11217000036064],[-93.16849400039379,35.11887999988823],[-93.17041900021611,35.09883999991738],[-93.19919700016179,35.07494499968414],[-93.18817299986088,35.06620400036372],[-93.1801820003184,35.06619799989896],[-93.17686499987788,35.05827800035833],[-93.14149300013246,35.060126999786625],[-93.14050899994328,35.05655399990977],[-93.13664500005491,35.06051499994989],[-93.12517499969017,35.05870099992387],[-93.1178400002738,35.063940999761904],[-93.12020000028932,35.068398999765755],[-93.11356499958336,35.0757110000702],[-93.108349999983,35.071208999784076],[-93.10237899979907,35.07990099985399],[-93.10001700013373,35.07460599984963],[-93.08136600033842,35.083405000363975],[-93.07436400010965,35.074714999813416],[-93.06217200039488,35.074318999929865],[-93.05571599978907,35.08082800009519],[-93.04056099963611,35.07687999982422],[-93.025310000122,35.09093099963295],[-93.02799999985041,35.09952200000179],[-93.0394049999178,35.10386699982414],[-93.03965799963778,35.109881999638134],[-93.0240780002357,35.11219200019708],[-93.01871600032224,35.11847899964807],[-93.01186200023146,35.11439499970315],[-92.98252100004612,35.11630300018404],[-92.97807800002451,35.11994500005235],[-92.98076299973005,35.12321000015288],[-92.97526199989942,35.12515999999997],[-92.97878699985408,35.13153200017015],[-92.95569200021222,35.14040799995422],[-92.92941300019928,35.16534100030876],[-92.90091100043813,35.169992999742554],[-92.93565200017179,35.176847000261176],[-92.95271299988052,35.17279700017905],[-92.9416430004472,35.171116000110125],[-92.94834100000402,35.16926600021156],[-92.97813900012387,35.172020999758296],[-93.01310199961537,35.16583399984476],[-93.02944099997407,35.15739800021674],[-93.02749699988514,35.132218000213726],[-93.03057999997395,35.12647700006478],[-93.04638299985712,35.118525999727055],[-93.06726499979652,35.11900900031179],[-93.08663299981733,35.12885999976135],[-93.09298099956979,35.13852500016442],[-93.08061800015079,35.14760199986447],[-93.08466799981201,35.16204200034522],[-93.07630999984839,35.172155999698425],[-93.07917000035442,35.18014600020201],[-93.09032699982639,35.18365700007933],[-93.11150300039198,35.170867000222586],[-93.12499099956715,35.17486700015278],[-93.1365610003893,35.18940100032435],[-93.13933300013349,35.2080999997812],[-93.15400200003964,35.23313800001145],[-93.1829270002984,35.26169300029529],[-93.19975200000556,35.27172900010344],[-93.23930099963381,35.27567300024413],[-93.27821499995066,35.31243600032122],[-93.27880900015249,35.28012500026082],[-93.30647400003755,35.279774999956594],[-93.28712899958296,35.21261599993009],[-93.4569769998322,35.21590799995663],[-93.45706999971861,35.20862699976814],[-93.47454499970412,35.20979299999255],[-93.47477300020807,35.20164800021305],[-93.48390699994842,35.201893999750794],[-93.4840049998577,35.19182100010894],[-93.48400900005566,35.19116400017849]]]}},{"type":"Feature","properties":{"zip":"72150"},"geometry":{"type":"Polygon","coordinates":[[[-92.56944099965881,34.26633700003972],[-92.56445399966408,34.2619560002771],[-92.56647999976875,34.25282399978836],[-92.55717199995115,34.244838999878745],[-92.55144900036267,34.22821200034256],[-92.54121199970915,34.220295999836196],[-92.55379099993652,34.20391899964809],[-92.53901700044838,34.19386400026174],[-92.5357469998635,34.17658699974211],[-92.52203899968201,34.17634999981804],[-92.5127590003518,34.168738999927015],[-92.5097669996013,34.15588599988963],[-92.50031400001875,34.15668299999797],[-92.49812800008048,34.146883000175265],[-92.49248599978455,34.14363199969345],[-92.49187999988713,34.13302199973246],[-92.47925299997918,34.13232000014159],[-92.47585100004815,34.13556200025197],[-92.47632999972397,34.13167399975188],[-92.4671370004324,34.133767999752166],[-92.46867300009232,34.13739999975367],[-92.4568239996109,34.1323099998002],[-92.4580570002204,34.12672699980705],[-92.4526419997052,34.12803000014025],[-92.44876799977108,34.12322099981765],[-92.44207000021423,34.12345800012878],[-92.4424690004224,34.12686399982128],[-92.42712500012355,34.12549599973447],[-92.41220000012437,34.113029000280854],[-92.40574400041686,34.11561200035038],[-92.40038300032832,34.10932499987147],[-92.40546300020947,34.106968000064406],[-92.3961019997901,34.10375800005754],[-92.39229599962805,34.104698000015155],[-92.39193999997588,34.114994999637204],[-92.38784099991086,34.11587300025801],[-92.39240000028343,34.120267000018565],[-92.39219100004605,34.130517999686134],[-92.38402499970307,34.14271900013879],[-92.38552100007831,34.15120300018974],[-92.37665199975353,34.16207299994315],[-92.37800300036383,34.16913299970599],[-92.37339600031069,34.17167300033951],[-92.37703900026615,34.18410200023127],[-92.36866100021103,34.20274800015393],[-92.37353100002991,34.23079399989361],[-92.36288199964774,34.25595900028172],[-92.29175400001733,34.25511100021235],[-92.29356500003686,34.24774000030431],[-92.27821700043837,34.24668300001488],[-92.27760300014505,34.252445000105986],[-92.26710799974866,34.26094699998747],[-92.26705000002235,34.279280999748714],[-92.2118159996134,34.27103800006461],[-92.21122800015765,34.30646699997549],[-92.19689599963708,34.30034199971837],[-92.19299999996164,34.307324000118314],[-92.18050399957494,34.307347000139316],[-92.17593699970477,34.31764300025632],[-92.19350600029993,34.317858999722006],[-92.19220499991835,34.32534900016822],[-92.21039299993139,34.325580999757605],[-92.20986099965384,34.36731699968166],[-92.2282200002694,34.37110599974239],[-92.22729299998164,34.38577600032376],[-92.23975599985806,34.378212000181705],[-92.24302999974256,34.38025599992999],[-92.2398859995544,34.38479900004964],[-92.2417929998334,34.39189000033666],[-92.23398399986577,34.398410000212294],[-92.29884900013252,34.39890900032247],[-92.2994809999692,34.41794400005797],[-92.31400599993532,34.418527999723175],[-92.31607600042092,34.44481600034748],[-92.32057299997089,34.44613100009398],[-92.3063440002808,34.47705100006865],[-92.34971499996463,34.47420799976685],[-92.35065200029813,34.46594200002027],[-92.36876699961793,34.45987799975453],[-92.37760900017854,34.463719999901365],[-92.37771799995848,34.45927200028569],[-92.39548699967187,34.455694999713984],[-92.40032399987876,34.45862699971498],[-92.40466999981601,34.4518919997866],[-92.51124999955776,34.4538219997009],[-92.50091800026632,34.446557000112676],[-92.5009659999469,34.435288000062975],[-92.52784500000949,34.42733199976386],[-92.53017499988778,34.415487999948],[-92.53766800038622,34.41034699978903],[-92.5341609999749,34.39636800028537],[-92.5367729998855,34.382531000026155],[-92.5302479996827,34.38175300019214],[-92.5296540003792,34.37078300012653],[-92.5138010002673,34.36715300016293],[-92.51255000011444,34.32504999971934],[-92.50688299970415,34.3249510001076],[-92.50791799994693,34.317204000151534],[-92.48646100007225,34.316891999959005],[-92.47615399999687,34.29151700014138],[-92.46976600006144,34.28641599964277],[-92.46978000030514,34.27528599983008],[-92.47538300024301,34.26318899969304],[-92.4797109997386,34.262292000141116],[-92.48401599966793,34.272217999712026],[-92.50323100042617,34.27706100028981],[-92.49896800032961,34.258725999694526],[-92.50233000007768,34.25003200030497],[-92.5092529997654,34.246025000236386],[-92.52162399958033,34.25690599971989],[-92.52046399966405,34.26417699992085],[-92.52722099967042,34.26177800036653],[-92.53170600042314,34.2656519999408],[-92.53895399980088,34.28054899993176],[-92.56059300014874,34.281180999874174],[-92.56941399989464,34.26653500000321],[-92.56944099965881,34.26633700003972]]]}},{"type":"Feature","properties":{"zip":"72223"},"geometry":{"type":"Polygon","coordinates":[[[-92.62397200008597,34.80986999965813],[-92.60684899955464,34.79515400026142],[-92.60160600036518,34.795759999839994],[-92.60152500017435,34.79938499974082],[-92.57591999983084,34.79861300035798],[-92.57577099986793,34.794889999724205],[-92.56325100009009,34.79464899979227],[-92.56319900021155,34.790997999839824],[-92.55899600038946,34.790904000261186],[-92.55495800042381,34.785227999781966],[-92.56037999971342,34.78149000002685],[-92.56664399980028,34.782742000153675],[-92.55911000019228,34.77959100014945],[-92.5758329997922,34.76240899992666],[-92.54965599988648,34.7616910003093],[-92.54973799990225,34.75828800004582],[-92.53226700011469,34.76123400025462],[-92.528049000224,34.750228000160796],[-92.51511900036732,34.75008999971912],[-92.5152089998807,34.74634500006353],[-92.50859099979151,34.746264999947066],[-92.50396899966975,34.740764999949484],[-92.50418600030304,34.74612700026533],[-92.49345999992796,34.745779999704574],[-92.4936590001196,34.742166000079145],[-92.48469899955823,34.73795200002261],[-92.48363599972635,34.74163599965621],[-92.47946100039164,34.74134499963829],[-92.47318399988598,34.730724999810434],[-92.44704899981305,34.73027100003242],[-92.44683600027604,34.73786000035332],[-92.42938600040489,34.74053599979371],[-92.43025800044107,34.747883999972416],[-92.44506600026439,34.75534599975383],[-92.44573699956081,34.7611900000884],[-92.45034299978904,34.76383100024194],[-92.44120300020091,34.77875699990441],[-92.44317599970384,34.78729999979725],[-92.44019499972231,34.79369600035185],[-92.432563000205,34.79160799966569],[-92.42806300028198,34.79628500023813],[-92.42000099969607,34.79387200015581],[-92.420193000215,34.79015100013855],[-92.41057400005276,34.789990999886165],[-92.40366200023568,34.79069200008042],[-92.40199000013334,34.79530599980727],[-92.42714500021505,34.80609000000714],[-92.42986500008067,34.81088400032438],[-92.42037999981274,34.81115899963156],[-92.38357000031672,34.79722300010258],[-92.3761920003443,34.79987600007428],[-92.37859099981958,34.81127000024784],[-92.38641900005376,34.81880400000343],[-92.41098699960632,34.81925799967085],[-92.43641299984968,34.84296200034985],[-92.44505700004356,34.846642000283715],[-92.44698500023895,34.84301099978786],[-92.46852099975635,34.8468220000179],[-92.4679120003842,34.85166600036861],[-92.47585699989594,34.84968800018192],[-92.48622500007072,34.83199600036435],[-92.48050199958394,34.824403000243144],[-92.46494999977091,34.81831400036517],[-92.46510899977957,34.815075000101366],[-92.47959199991288,34.81797599980412],[-92.47948899998073,34.821605999741784],[-92.49272500015915,34.82182300001346],[-92.49285900005344,34.818202999650936],[-92.49726500026514,34.81829899987879],[-92.49702199969258,34.82557499995151],[-92.50592100015457,34.82577500034499],[-92.50724299955425,34.82987999964643],[-92.52104399962218,34.81920500002224],[-92.5385339996763,34.83118400028208],[-92.54212800012627,34.827486000171824],[-92.55644800005297,34.82628899977705],[-92.56549999977753,34.817428000137],[-92.5766050002693,34.814546999664636],[-92.62324499981474,34.80971100019389],[-92.62397200008597,34.80986999965813]]]}},{"type":"Feature","properties":{"zip":"71602"},"geometry":{"type":"Polygon","coordinates":[[[-92.3151249998437,34.218316000262085],[-92.31480299962843,34.209437999733275],[-92.29709500001441,34.20021199986359],[-92.29046100003168,34.183131000174825],[-92.24977500005338,34.19227300035525],[-92.24726000022714,34.19977699967642],[-92.22769800003759,34.206887999826094],[-92.21709100038653,34.204487999666924],[-92.21061399986432,34.20987700031471],[-92.14249999982744,34.20857799969334],[-92.12510199983481,34.22839599971654],[-92.11005899983485,34.22802100031692],[-92.1125119997368,34.22335199978043],[-92.09732999981965,34.21208299983661],[-92.0780570002334,34.2157689996778],[-92.07213100025531,34.20553000014519],[-92.07181800026086,34.21933200008945],[-92.08643399956527,34.21924500005973],[-92.08632399996041,34.22314600027643],[-92.08009900023158,34.22745800008148],[-92.07518800040484,34.223067999943346],[-92.04449599960918,34.22294499989983],[-92.0435900001361,34.23454400024853],[-92.04783700033914,34.24610400034274],[-92.03538899963303,34.240703999702454],[-92.03793600014461,34.25398199994699],[-92.01478500042629,34.252248999990414],[-92.01426400001937,34.24261499976186],[-91.9992550003546,34.23331799975283],[-91.9763249996709,34.23286499981768],[-91.96054400042733,34.23885800010315],[-91.94268299975413,34.262209000169186],[-91.94451999971292,34.29312299974606],[-91.96312000035292,34.276974999671545],[-91.9909569997671,34.2775460002047],[-92.00899499999232,34.301356999667824],[-92.0346680001079,34.310841000128015],[-92.0560289997231,34.32601499963354],[-92.07304900032227,34.36201100027141],[-92.08395399989915,34.36508300028893],[-92.08833400017156,34.375182999748],[-92.11096699985603,34.37709500010263],[-92.11266999992053,34.38154999997638],[-92.13909200004862,34.38192299996498],[-92.13988100024415,34.36723000001312],[-92.15713199992368,34.37063500020558],[-92.15429999990504,34.36126600035442],[-92.17523899974586,34.3610750000406],[-92.17154200026205,34.346565999716404],[-92.21004399995192,34.34729099965722],[-92.21039299993139,34.325580999757605],[-92.19220499991835,34.32534900016822],[-92.19350600029993,34.317858999722006],[-92.17593699970477,34.31764300025632],[-92.17595699979626,34.31346699976991],[-92.18036399983286,34.31349899977891],[-92.18050399957494,34.307347000139316],[-92.19299999996164,34.307324000118314],[-92.19689599963708,34.30034199971837],[-92.21122800015765,34.30646699997549],[-92.2118159996134,34.27103800006461],[-92.26705000002235,34.279280999748714],[-92.26710799974866,34.26094699998747],[-92.27760300014505,34.252445000105986],[-92.27821700043837,34.24668300001488],[-92.29356500003686,34.24774000030431],[-92.29872500028397,34.2238350000819],[-92.31465600021365,34.21817400014529],[-92.3151249998437,34.218316000262085]]]}},{"type":"Feature","properties":{"zip":"72823"},"geometry":{"type":"Polygon","coordinates":[[[-93.04311499982039,35.211923999718756],[-93.03976700031603,35.21038900032898],[-93.04238500007442,35.18499999977125],[-93.03826300044318,35.17839200036326],[-93.02153900012003,35.17384200007543],[-93.02184100024381,35.16281199982789],[-92.97898199984775,35.17196000015785],[-92.94834100000402,35.16926600021156],[-92.9416430004472,35.171116000110125],[-92.95271299988052,35.17279700017905],[-92.94178300018928,35.17654699969554],[-92.91920499985808,35.1760590001403],[-92.89640099957106,35.16955599965123],[-92.85509600017488,35.17383899976614],[-92.84101100042481,35.16696400021588],[-92.82674099982852,35.1250850002474],[-92.81481600007743,35.116193999955804],[-92.78057199956291,35.12775700035021],[-92.75713200013959,35.14159700029058],[-92.76887299976765,35.14456899984002],[-92.78273699958477,35.13540399990236],[-92.81283099998062,35.1332689997498],[-92.82891900026917,35.140698000168484],[-92.8285500001982,35.15768899968073],[-92.8242619999873,35.15802999977743],[-92.82391700020581,35.167591000188146],[-92.82856199989378,35.1725580000202],[-92.82140200037958,35.18090299985555],[-92.82825300009729,35.19020400030125],[-92.79879300008623,35.167245999782665],[-92.79366999964907,35.1767649999375],[-92.79605700032707,35.18016900005188],[-92.77230999985878,35.18276799990478],[-92.77072200032033,35.18774800032947],[-92.75928200009282,35.19152199963946],[-92.75480899993399,35.20050300016258],[-92.76048800003984,35.207985000362804],[-92.76707799964164,35.206251000278925],[-92.7794510000047,35.21408800029728],[-92.78336299957367,35.23012600002066],[-92.79607900006839,35.23416100018657],[-92.80156700037854,35.245260000271806],[-92.81233899988605,35.244669999767666],[-92.82285699984864,35.249598000330714],[-92.82340099982176,35.25606000006891],[-92.81937799992473,35.25809099979353],[-92.82162599978726,35.26247900027913],[-92.82772699966752,35.26144600035356],[-92.83495400002717,35.27193999968969],[-92.84607700006227,35.269903000034645],[-92.85396800004565,35.27447099992818],[-92.85351199993606,35.30424000015527],[-92.87145499972672,35.30936599971874],[-92.8707700001866,35.32789200005803],[-92.85327199973655,35.33299900016466],[-92.85017199992933,35.49208399998774],[-92.87670799986024,35.49200600005075],[-92.87668899959367,35.48637899979468],[-92.86508400040803,35.48312299974574],[-92.85750399987096,35.47115699966822],[-92.87320299999706,35.45161800011381],[-92.87129900009111,35.44183200005053],[-92.8753820002626,35.423749000105424],[-92.88616299999094,35.41311900023431],[-92.8907850001127,35.41817200021712],[-92.88953099958677,35.41336100006377],[-92.8947629998039,35.40665399964325],[-92.8904970002326,35.400475999866444],[-92.87908299994437,35.399485999990226],[-92.88082600019183,35.3934149997049],[-92.890405999996,35.38739400023885],[-92.8825419997768,35.38227899990326],[-92.8862099998466,35.37197500011273],[-92.87391299965154,35.35839900013631],[-92.86527699985356,35.3387320000955],[-92.87087800014164,35.33579500015886],[-92.88829700005067,35.34390499999876],[-92.88821099983693,35.3478240002948],[-92.90233300029523,35.34787900008698],[-92.90215599984491,35.350919000168254],[-92.90911399969274,35.34287399974591],[-92.92848099988863,35.34555700000481],[-92.92809599992415,35.341177000097396],[-92.93468300005124,35.34113100009482],[-92.93479500020422,35.33470899982572],[-92.95061200033109,35.341646000046914],[-92.9547239999166,35.33390099983113],[-92.95024800028301,35.33386000026455],[-92.95017399976484,35.326556999763625],[-92.96221499986689,35.32709100003505],[-92.96200800017765,35.32331499968142],[-92.94436499996264,35.319184000068596],[-92.94168399955676,35.31476299974225],[-92.95715900027517,35.31568400010969],[-92.95680799974757,35.31154199984444],[-92.96123400005077,35.31075499967042],[-93.01228300018096,35.323977999835364],[-93.01283200017696,35.3128720002719],[-92.97721000018626,35.312637999918046],[-92.94214600041244,35.297354000205075],[-92.94215599955987,35.29018500019566],[-92.94659299973368,35.290193999955754],[-92.94706100043715,35.268492000028274],[-92.94245600003383,35.26853299972432],[-92.94264199980667,35.257107999799715],[-92.95150500028367,35.25375399997079],[-92.95161599971343,35.24679900011157],[-93.02242799987465,35.24725300024026],[-93.01973899997115,35.24272400035607],[-93.02296799964981,35.24333499995319],[-93.0229309998399,35.23287199975831],[-93.04083400034591,35.22273700017976],[-93.04286700012328,35.21222000032318],[-93.04311499982039,35.211923999718756]]]}},{"type":"Feature","properties":{"zip":"72076"},"geometry":{"type":"Polygon","coordinates":[[[-92.26353699976325,34.99207900001787],[-92.2637100000156,34.98629599989007],[-92.22798699974258,34.98754600015381],[-92.22888800009109,34.95669400034102],[-92.21608700010587,34.956420999856334],[-92.21195000040602,34.94328999968298],[-92.21437999984342,34.93160800006358],[-92.19694800041393,34.919368000252085],[-92.19585799991954,34.914745999964424],[-92.20214100027297,34.914127999952015],[-92.19552200035888,34.90990099986899],[-92.19185000009111,34.894972999954604],[-92.18168199993286,34.89251100019534],[-92.18749699958286,34.886835999774355],[-92.18313599957702,34.88029800025594],[-92.19431100038896,34.881534000004],[-92.19622500034066,34.872104000287095],[-92.20827599959011,34.87254999993493],[-92.21830999985404,34.881846999789936],[-92.21842799985481,34.876444999850975],[-92.22182999978584,34.876101000258544],[-92.21781500028472,34.873604999949656],[-92.22425900029664,34.873692999654885],[-92.21154000032719,34.867096999889405],[-92.20136399977305,34.86757700008837],[-92.19674000000145,34.86072900031162],[-92.18369399979385,34.854166999654126],[-92.16238699970701,34.852328999771665],[-92.15012999969491,34.85824900009605],[-92.14356400038254,34.851061000255456],[-92.1608080003894,34.83981099971876],[-92.15068700008682,34.834087999931775],[-92.15174400007095,34.82400700027195],[-92.14461700016871,34.83188200005139],[-92.13139799970874,34.836442000054774],[-92.12306300020965,34.8341799999826],[-92.12397799990354,34.84139699997593],[-92.11766500031119,34.844889000093026],[-92.10577399999697,34.846005000241234],[-92.09567899963369,34.84199700016218],[-92.08600000009531,34.84542400004295],[-92.06338699960402,34.839346000048415],[-92.05267600019587,34.82352900023985],[-92.04028299974134,34.82351999978067],[-92.04041499998583,34.82000500008004],[-92.03484100036025,34.81972199993917],[-92.03130299998679,34.83014199966985],[-92.0230100003205,34.82945600013906],[-92.02262899965568,34.837658000165554],[-92.01114900014353,34.83653200006482],[-92.01440999960923,34.851230000263264],[-92.00214000007666,34.850993999641524],[-92.0022349996129,34.85855200021989],[-92.0085909997613,34.8570009997752],[-92.01615000038197,34.86102300010068],[-92.02015700038548,34.85659000017836],[-92.02296500011465,34.86104199970242],[-92.02619899981619,34.85698800030188],[-92.03414300040133,34.85718800030746],[-92.03539100018115,34.85287199985637],[-92.04742600043541,34.85958399970421],[-92.0434689997623,34.86622900027105],[-92.07437400009498,34.86659999967766],[-92.07226299960148,34.92463100015558],[-92.0866110000156,34.9183989998867],[-92.09011500005387,34.92014199979362],[-92.08683199994853,34.92939200011832],[-92.09123899998512,34.92949499982235],[-92.08949699956257,34.933281999960336],[-92.08230600008623,34.932101999968005],[-92.08209699984887,34.93941600002165],[-92.0759259996484,34.94313600028232],[-92.09020200009249,34.940559000144596],[-92.09488100011565,34.946945000364586],[-92.11341899993307,34.947183999912994],[-92.112758999609,34.942058000061635],[-92.11578499979638,34.942312999825795],[-92.12708199990874,34.951828999843904],[-92.13646199969635,34.95178900015795],[-92.1363500004417,34.95443800026641],[-92.12337299983106,34.95409399973085],[-92.13189900002415,34.959898000207176],[-92.14978099971545,34.95825199994295],[-92.1498390003401,34.95479200002087],[-92.17298599986046,34.95898500032704],[-92.1676249997719,34.97253599984402],[-92.17522000037759,34.97755899977704],[-92.17294800022562,34.98128699996914],[-92.17808400018328,34.986679000051836],[-92.18786099963093,34.990967000064465],[-92.18736799971144,35.01368700009047],[-92.24165800011417,35.01484900006921],[-92.24322399991132,35.00858999975181],[-92.257331000301,35.00601200024617],[-92.25717800014012,35.003123000080514],[-92.26323700018759,35.00462400036541],[-92.26356400042575,34.993537000279325],[-92.26353699976325,34.99207900001787]],[[-92.1706719998757,34.89781599987468],[-92.16401000030386,34.905502999969606],[-92.14136599985042,34.908982999702026],[-92.13609099997561,34.8986490003318],[-92.14103699996245,34.893421999826],[-92.17015399984184,34.89773200016456],[-92.1706719998757,34.89781599987468]]]}},{"type":"Feature","properties":{"zip":"72103"},"geometry":{"type":"Polygon","coordinates":[[[-92.41725800026421,34.649597000086324],[-92.41182000018276,34.648064000204386],[-92.41368499973065,34.64255099972991],[-92.40095400006562,34.62639599997759],[-92.41688599982021,34.62655300018646],[-92.41706999994324,34.62286799998026],[-92.41023000009619,34.61910500034409],[-92.4086190000932,34.60993099966451],[-92.41279900034907,34.56349399972885],[-92.40608199962736,34.54655300022959],[-92.41548099968156,34.534819999727894],[-92.40870000028404,34.533337000041584],[-92.40580100031828,34.52449700012566],[-92.40850100009243,34.51049499966498],[-92.38598300003568,34.51023500019324],[-92.37427300036975,34.5283100001725],[-92.35451799983635,34.547715999790924],[-92.3601679996299,34.55333700031443],[-92.3677570003878,34.553382000270275],[-92.36832499975206,34.55674399996215],[-92.3650969998983,34.556952000341695],[-92.36453799985657,34.56408700026277],[-92.3489819998456,34.56722900015995],[-92.34646100017162,34.62563500024984],[-92.35093299960722,34.62572799991583],[-92.35490399962573,34.63940600002832],[-92.36400399992917,34.633943999949274],[-92.36317100025104,34.655086000338564],[-92.38073599974993,34.65541900015589],[-92.37527400027737,34.670066000066896],[-92.40111100042445,34.662590999915025],[-92.41698499955442,34.64977300022257],[-92.41725800026421,34.649597000086324]]]}},{"type":"Feature","properties":{"zip":"71909"},"geometry":{"type":"MultiPolygon","coordinates":[[[[-93.10813599972275,34.62811499977564],[-93.08671300018327,34.624904999887285],[-93.08703100020058,34.60793699972731],[-93.09469799987798,34.60637400002078],[-93.10443599986588,34.590805999704685],[-93.10460699957012,34.5812799996794],[-93.09396899995693,34.587874000138804],[-93.08931900024609,34.58636999971965],[-93.08585200001772,34.57929800008115],[-93.09360300025904,34.5743029999945],[-93.09623000023825,34.56725700032507],[-93.070354999558,34.566625000009246],[-93.07063499994048,34.5522839997265],[-93.0661939995687,34.552248999876504],[-93.04441600020198,34.57649099993651],[-93.03397900043024,34.57852200021427],[-93.03375699977407,34.58771699999273],[-93.01337600015009,34.587813000315116],[-93.01662599974514,34.58074800034388],[-92.99944399966259,34.58319399965902],[-92.98590600025871,34.58003600023676],[-92.99036699982365,34.59284199970364],[-92.96956900044815,34.58643799976758],[-92.96790099964545,34.60421799987248],[-92.97230699985714,34.60426100031622],[-92.97591300000266,34.62006100012643],[-92.96109199976054,34.632366999711046],[-92.95228000023548,34.63293200007161],[-92.95245199976462,34.63645499999052],[-92.94968099984534,34.636458000043135],[-92.94991600002199,34.6292420002931],[-92.94557799958237,34.62914599981383],[-92.9458329998505,34.621807999842716],[-92.9287820001875,34.62118699968704],[-92.92639399968459,34.63115600010648],[-92.92438099999869,34.62488499970595],[-92.91127100021698,34.62467499972859],[-92.90806500010456,34.61697500025058],[-92.90574000024912,34.620906999688486],[-92.90067299988844,34.616719999824376],[-92.88475700002738,34.61707299978848],[-92.8845469999651,34.624161999819485],[-92.8456569999377,34.61891799988001],[-92.84556499987619,34.631484000299075],[-92.8380549996593,34.643390000276234],[-92.84947599962022,34.65464600015693],[-92.85419599965128,34.66736899965971],[-92.86323099965742,34.66670599984915],[-92.86268099983651,34.660324000156386],[-92.87227800025744,34.65898000011119],[-92.8747689997942,34.64956699987463],[-92.8786550003222,34.6496440001005],[-92.88445400007866,34.65841599963618],[-92.88797700038351,34.6498750003489],[-92.8925450000786,34.650111999809994],[-92.89160799974508,34.66814700032707],[-92.89591000019969,34.66811500017023],[-92.89617399979034,34.671978999929905],[-92.92238699968107,34.6726810002948],[-92.92231700025918,34.669532999692635],[-92.9265639995639,34.669555999782354],[-92.9265429996475,34.672632999726844],[-92.93877700009338,34.67293600007502],[-92.93889699974397,34.684021999919125],[-92.93484000041006,34.68392499989912],[-92.93488600044081,34.687920000083224],[-92.95415300017929,34.69543900000528],[-92.9518109997071,34.71363800013887],[-92.96965499976356,34.71417800033194],[-92.96963200019734,34.70127499969902],[-92.97837900032339,34.706648999640024],[-92.97836799955441,34.70300000024729],[-92.99653300000124,34.70340200034662],[-93.01191900013288,34.69567699990153],[-93.02673500035215,34.69553899995815],[-93.03606699956089,34.70564500001517],[-93.05113600039842,34.70267700000333],[-93.06316499990658,34.69038199963445],[-93.06158800023879,34.685225000066346],[-93.05559199994052,34.68559500003591],[-93.05704599958467,34.678835000175376],[-93.06759299985958,34.67669100035842],[-93.07231600026367,34.67022900022292],[-93.06947900022217,34.659428000331395],[-93.07781700009431,34.65099899979032],[-93.09019100028227,34.64694800000494],[-93.1079840002851,34.62823499981591],[-93.10813599972275,34.62811499977564]]],[[[-93.09975199981986,34.69771000035993],[-93.09377999981103,34.69389100018242],[-93.08323199971122,34.698703000209875],[-93.08198200028158,34.69517699976248],[-93.08822100025408,34.69569699999199],[-93.09066599976009,34.688592999764204],[-93.08605600023223,34.688522999696715],[-93.08388799983733,34.67609000008447],[-93.07236399994424,34.678253000306256],[-93.07212399974473,34.68534699977191],[-93.06316499990658,34.69038199963445],[-93.07947599977787,34.70146599966749],[-93.0995710000699,34.697774999962654],[-93.09975199981986,34.69771000035993]]]]}},{"type":"Feature","properties":{"zip":"72019"},"geometry":{"type":"Polygon","coordinates":[[[-92.8918060001118,34.67788400028865],[-92.87963199994036,34.66051500002832],[-92.86496200020932,34.65891000013506],[-92.86348099990266,34.66656900003252],[-92.85419599965128,34.66736899965971],[-92.84947599962022,34.65464600015693],[-92.83928999991865,34.64402600016044],[-92.82824200022662,34.6442790003338],[-92.80813500023905,34.62915600013072],[-92.767214999909,34.62561799994989],[-92.76961299955936,34.614042000028746],[-92.7559639998274,34.61001899972119],[-92.74287400013716,34.59728599969226],[-92.72623900040078,34.59599900001406],[-92.72106400008508,34.59200699977141],[-92.71543000018505,34.581755999896494],[-92.73381099964362,34.57139200013928],[-92.71811900008854,34.55466799968783],[-92.72895500006847,34.541694999857306],[-92.74124499969253,34.541072000077804],[-92.74606099998303,34.555093000050256],[-92.75042600018683,34.557122000222925],[-92.76787699988292,34.55509000001704],[-92.77267499973176,34.56726300025355],[-92.78270899999568,34.573052000136705],[-92.80854299976971,34.57320699979919],[-92.80783499976508,34.564173999910594],[-92.80017399993545,34.56776299967659],[-92.79516100000144,34.56202700035338],[-92.78303799988365,34.564318999861115],[-92.77540499964313,34.560415999863274],[-92.76957499992452,34.5429799996849],[-92.7779010001011,34.54603299990422],[-92.78223399961954,34.542824000260524],[-92.79211300007276,34.54471699984669],[-92.79221099998205,34.54150599967694],[-92.75820199964419,34.52918299980232],[-92.75832700021596,34.52179299998269],[-92.76425200036913,34.52189299983875],[-92.76476399965688,34.503637000077696],[-92.73826399971098,34.50324100020424],[-92.73882100010289,34.47393199997362],[-92.71644500033636,34.48867599970576],[-92.67432499990709,34.53723999973903],[-92.6316119999992,34.54480100011001],[-92.61192299958803,34.56159299977135],[-92.55606100043866,34.5973589999049],[-92.51710899958869,34.61146100026735],[-92.51557399975368,34.6265040001155],[-92.52327800013931,34.628434999990006],[-92.50230699961314,34.62910000011459],[-92.50186999977014,34.63906900024558],[-92.51479499960392,34.64188299967917],[-92.51463999979322,34.65013500011765],[-92.52382100028754,34.65031900013204],[-92.5246649998363,34.63581999971779],[-92.53758499964722,34.62864999987972],[-92.53740300007235,34.632342000253736],[-92.54189999962233,34.63250800014566],[-92.5484030000838,34.641414000122495],[-92.5526000000581,34.65431600033527],[-92.56393900000326,34.65446600008122],[-92.5978040004011,34.67586300015544],[-92.61289000005877,34.67618199977116],[-92.61312400041051,34.670804999755134],[-92.61753300009691,34.67106099973924],[-92.62118100007524,34.68735700029367],[-92.62311000009552,34.68143100019903],[-92.63679099961455,34.67821299981722],[-92.64548500003716,34.69484300017291],[-92.63943500021053,34.70236199966212],[-92.64356199986462,34.70997599986102],[-92.65913600031725,34.70042999969499],[-92.67273900001847,34.701204000042985],[-92.67620000039904,34.69550499995819],[-92.68171299992522,34.70557399967825],[-92.68860600037404,34.70242700004178],[-92.68399799959768,34.721579999993544],[-92.69431499971883,34.72707800032652],[-92.6869490003403,34.735112999804585],[-92.70223500001453,34.742937999884965],[-92.70503799972083,34.75529100023286],[-92.71606600021968,34.75817699969649],[-92.71308500023815,34.76493700019746],[-92.71557599977493,34.766571999678455],[-92.7258889996981,34.760419999656506],[-92.73571899974753,34.76301700015906],[-92.73699199964172,34.75947799970087],[-92.74055199975648,34.765982000005486],[-92.74924700000399,34.764684999698915],[-92.75999699977017,34.77099499994308],[-92.76649900040672,34.76499399981698],[-92.76438700008833,34.75738099982082],[-92.78906500014406,34.75641400023191],[-92.79869500017695,34.76049100012245],[-92.82023800026535,34.75182199970516],[-92.8107379999288,34.74296800022325],[-92.79433400017112,34.73997000006069],[-92.79333699956314,34.728480999979936],[-92.78665800027288,34.72323999995536],[-92.76172999997189,34.7250660003263],[-92.76163299988752,34.719707999805],[-92.77590400030873,34.72061399970792],[-92.78399000028578,34.71106200010612],[-92.78489699958375,34.7059710002392],[-92.77611199982287,34.69457800009457],[-92.81265600007845,34.695652999638895],[-92.8131249997085,34.68079799991576],[-92.84679500011265,34.68168599963199],[-92.84452600033374,34.68847600031466],[-92.8750929996593,34.70069700019791],[-92.88571199990425,34.69492499993606],[-92.89180000026401,34.68659299974203],[-92.8881880002707,34.682607000108135],[-92.89166200017176,34.67833399999993],[-92.8918060001118,34.67788400028865]]]}},{"type":"Feature","properties":{"zip":"72176"},"geometry":{"type":"Polygon","coordinates":[[[-91.97755599973227,35.0019319996562],[-91.97332699997091,34.99637200010875],[-91.96741199986349,34.998441999976635],[-91.96665199998029,34.98681900034019],[-91.96117500043911,34.986779000071934],[-91.96105599971509,34.98293500013536],[-91.94878299980947,34.98728100018192],[-91.94912099991829,34.981432999975056],[-91.93731699964272,34.98126299966097],[-91.9375200000323,34.96683599971245],[-91.9198299999616,34.96654899964533],[-91.91977399988512,34.960371000021375],[-91.91096300018499,34.962890000230765],[-91.91095800016211,34.95179199980379],[-91.87400700020076,34.95116200035769],[-91.87410199973701,34.9439289997772],[-91.86535399978605,34.943931999710564],[-91.86522999993748,34.95119600027844],[-91.85648100016161,34.95116400013686],[-91.85630399971132,34.96569699965666],[-91.8388580000381,34.965626999890965],[-91.8387529995578,34.95084799981693],[-91.82984899997123,34.950893000162885],[-91.82978100019918,34.94243200018075],[-91.80327200003244,34.95433900036727],[-91.79773699986661,34.96110500036202],[-91.76729600003944,34.972896999759456],[-91.76377100008476,34.97900400025154],[-91.73678599971696,34.989825999686204],[-91.73693899987784,35.00233900026096],[-91.74498899986988,35.01008899998385],[-91.7445679999204,35.021956999692115],[-91.71836900027338,35.02160799997251],[-91.7173159995889,35.03608099989074],[-91.69121800022423,35.03580499979882],[-91.69062200037257,35.05902999995006],[-91.71070000004784,35.0628249997757],[-91.74458100033918,35.04705500033944],[-91.76584099967205,35.050051999705865],[-91.78940300019244,35.03948300005952],[-91.79965599984116,35.04220599990983],[-91.80250899977621,35.03069800022435],[-91.82440800041506,35.03217099967374],[-91.83196799996233,35.02834200006899],[-91.84928800013715,35.02820999989096],[-91.85268300039547,35.02455200033718],[-91.87528699976764,35.023517000361245],[-91.89473599997929,35.032924000205874],[-91.90255699964247,35.02768699991551],[-91.90829000017501,35.0348749999181],[-91.91751400032703,35.038119000292525],[-91.9193560003087,35.04365800036507],[-91.92850099991969,35.04693299993793],[-91.93875399956842,35.04368200002207],[-91.94876100006816,35.04586699980594],[-91.9725939998519,35.01690400008716],[-91.97236200004828,35.00807999992847],[-91.97737599980722,35.0020360001913],[-91.97755599973227,35.0019319996562]]]}},{"type":"Feature","properties":{"zip":"71603"},"geometry":{"type":"Polygon","coordinates":[[[-92.26096500003563,34.18678400036099],[-92.2531140002352,34.17541700007412],[-92.2524239997739,34.15980899963645],[-92.2410189997065,34.16851800034382],[-92.23545699977649,34.161518000347996],[-92.24564300037639,34.14799699969104],[-92.23258999959776,34.13469799998286],[-92.23323700040137,34.067839999796725],[-92.21925100038551,34.08508300002247],[-92.1962079997239,34.09397399977723],[-92.19585100024683,34.098990999665496],[-92.19158300012741,34.10025100023339],[-92.18558699982914,34.10065199997255],[-92.1784659997747,34.079692000076484],[-92.18389700018345,34.075631999959626],[-92.17878899981487,34.063499999953414],[-92.12771100027066,34.0637210002701],[-92.11656300012123,34.070163000132034],[-92.09737800039854,34.06973499975642],[-92.08912300036708,34.079563000207145],[-92.08948400004209,34.08902400002454],[-92.08251100012566,34.08664599995529],[-92.07168400036656,34.093383000371006],[-92.06580600006907,34.07860400012907],[-92.05979600042541,34.07622099970469],[-92.05925499992702,34.06344499982875],[-92.04115599960245,34.06359700003203],[-92.04131700015924,34.05397700022005],[-92.02090600039801,34.05355399994886],[-92.01861300032964,34.06389600024333],[-91.99805000023247,34.06396400008445],[-91.98765100009555,34.041713000238815],[-91.9972369997475,34.03623599980494],[-91.99716800015054,34.03164800036278],[-91.98832599958995,34.031692000143586],[-91.98823400042676,34.00981299998098],[-91.97796199961313,34.00982800023095],[-91.97852700040097,34.01822900017184],[-91.97381999989041,34.01834000018881],[-91.9698210002828,34.00984800006372],[-91.95332600028851,34.006050000356204],[-91.95314700018837,33.986916999735044],[-91.94270399967051,33.99122800028054],[-91.93513400007751,33.987494999791686],[-91.93056700020735,33.989881000150845],[-91.93907099976083,34.01336199986521],[-91.92044900027781,34.01434599975086],[-91.9198299999616,34.030526000104025],[-91.92707099966667,34.031568999768524],[-91.92115499973434,34.040272999669284],[-91.9297899997074,34.03993699976527],[-91.937971000119,34.07894200004195],[-91.89154099973751,34.07134200023198],[-91.88489699970903,34.078325999801784],[-91.88765799958254,34.09002499991956],[-91.87026799998586,34.09331299994523],[-91.95856000015544,34.09490900002757],[-91.95905200025004,34.10141799975566],[-91.96867100041227,34.1104839999823],[-91.96200700029232,34.11483699980468],[-91.97076600011391,34.1202240003687],[-91.97468699990371,34.14009299997669],[-91.97966399985272,34.13721000002505],[-91.98708000035826,34.13945299966421],[-91.99062100020645,34.146136000009946],[-91.9861339998039,34.157114999959255],[-92.0015590002936,34.16991799995919],[-91.99683599988953,34.174305000310774],[-92.0064220004398,34.17650200009989],[-92.00261399972959,34.199987000047],[-92.01441600035534,34.20226200000392],[-92.01465599965653,34.2238190000932],[-92.0292340002244,34.21911400030648],[-92.02930399964627,34.22368899979381],[-92.07518800040484,34.223067999943346],[-92.08213600020693,34.227307000016836],[-92.08643399956527,34.21924500005973],[-92.07181800026086,34.21933200008945],[-92.07250199997607,34.2055240002392],[-92.0780570002334,34.2157689996778],[-92.09732999981965,34.21208299983661],[-92.1125119997368,34.22335199978043],[-92.11005899983485,34.22802100031692],[-92.12510199983481,34.22839599971654],[-92.14249999982744,34.20857799969334],[-92.20340800031937,34.21085099973297],[-92.21709100038653,34.204487999666924],[-92.22769800003759,34.206887999826094],[-92.2484040002499,34.199167000339074],[-92.24977500005338,34.19227300035525],[-92.26010999971787,34.19099299968494],[-92.26094499994413,34.18691000029468],[-92.26096500003563,34.18678400036099]]]}},{"type":"Feature","properties":{"zip":"72205"},"geometry":{"type":"Polygon","coordinates":[[[-92.40110200020364,34.72144800029006],[-92.39171999986786,34.72122199970434],[-92.39241500035205,34.72462000022446],[-92.38271099980099,34.72822300035451],[-92.37961799966645,34.733481000000346],[-92.37489299961254,34.73250700026698],[-92.37230300034156,34.740287000103216],[-92.35729999962626,34.74132999991395],[-92.36108300022211,34.743237999825126],[-92.35898000012453,34.74569999977907],[-92.30326899968959,34.74338999979234],[-92.29046299968151,34.75052499984777],[-92.30726499982246,34.75922500023926],[-92.31741399971412,34.75902199995605],[-92.31128900044274,34.76289799979358],[-92.31851900027713,34.770049000124],[-92.32207400036901,34.76819399977401],[-92.31866499986698,34.76706600029335],[-92.33669300004645,34.76295999991241],[-92.33685899972781,34.759398999768486],[-92.35855900017505,34.760073000107674],[-92.35843199995344,34.76279600018718],[-92.37626099994128,34.76085000002598],[-92.37644300041448,34.75766099984352],[-92.38715100034787,34.766353000218245],[-92.3909049997331,34.76347799977553],[-92.39110599957455,34.73906300018571],[-92.39988000036308,34.73241799997213],[-92.40100799959397,34.72285199996184],[-92.40110200020364,34.72144800029006]]]}},{"type":"Feature","properties":{"zip":"72206"},"geometry":{"type":"MultiPolygon","coordinates":[[[[-92.36832499975206,34.55674399996215],[-92.35453499955477,34.54693700009177],[-92.34111599997658,34.55056900012104],[-92.33673599970417,34.5266129999103],[-92.32442900036166,34.5326020000156],[-92.33711499982084,34.54415499983258],[-92.32981300001644,34.54799699971737],[-92.33681299969706,34.54932400033829],[-92.33416700034958,34.56550999965314],[-92.30121199962278,34.5651510001644],[-92.29992600020812,34.570626999740874],[-92.29214499982959,34.57204900033685],[-92.29616199987885,34.581608000214246],[-92.23681199968644,34.583934999713414],[-92.22039299986014,34.57886700006019],[-92.2188560003753,34.57419500000422],[-92.22260999976052,34.57158800016068],[-92.20723799987258,34.558395999877895],[-92.21161200029721,34.54191000007312],[-92.20916699989287,34.51973900002299],[-92.19959700013445,34.52422800020491],[-92.15833700004578,34.50608999985597],[-92.14681399997761,34.51137699985816],[-92.13435899959879,34.53845000000473],[-92.13817800017965,34.549937000261735],[-92.16663100043529,34.56980200005282],[-92.16655500026731,34.580725000031634],[-92.1502629997643,34.60198099966026],[-92.17323399955758,34.63724399973927],[-92.17107399955859,34.647035999975515],[-92.15417799970629,34.673451999879774],[-92.14936099959087,34.69593199976946],[-92.15214499992892,34.705691999986314],[-92.19312600035833,34.73662100007603],[-92.21432600031507,34.74502100005075],[-92.22310600005306,34.74214000032153],[-92.21419700044363,34.738933999643024],[-92.2231219999466,34.72088699993755],[-92.23890599956319,34.71973099998404],[-92.24567000014056,34.72534399977502],[-92.25421600042516,34.72589499970146],[-92.25476700007097,34.73062300033443],[-92.28945199972814,34.73548200006424],[-92.28937499973524,34.727578000351905],[-92.29963199958193,34.7278469996473],[-92.30857299987673,34.716601000027964],[-92.28199799958776,34.7078240002779],[-92.28362399965935,34.70286499982542],[-92.28035899999568,34.702504999839086],[-92.29765300023124,34.688396000330684],[-92.31008199977248,34.660314999633144],[-92.33382000001995,34.65545899982867],[-92.33611399991322,34.65013799967536],[-92.35490399962573,34.63940600002832],[-92.35093299960722,34.62572799991583],[-92.34646100017162,34.62563500024984],[-92.3489819998456,34.56722900015995],[-92.36453799985657,34.56408700026277],[-92.3650969998983,34.556952000341695],[-92.36822699984278,34.55691799973186],[-92.36832499975206,34.55674399996215]],[[-92.1962849997168,34.594961000202126],[-92.19371299998916,34.60594000028509],[-92.19013199995801,34.60542400022699],[-92.19139999982931,34.594888000100454],[-92.19592200039195,34.5949050000387],[-92.1962849997168,34.594961000202126]],[[-92.2356269996558,34.716809000112384],[-92.22469299976659,34.71630999972769],[-92.22808200017714,34.710683000048554],[-92.22352299980459,34.71241499972966],[-92.22364400017841,34.70868100017957],[-92.23122200016735,34.70871599981882],[-92.23024100035121,34.71281100011521],[-92.23560300026467,34.716764999910936],[-92.2356269996558,34.716809000112384]],[[-92.2360760000927,34.693552000237084],[-92.23100999955692,34.70796199967181],[-92.22832700039953,34.705159999932434],[-92.22315200008383,34.70774299990035],[-92.22045999980729,34.7023159999762],[-92.23160399975876,34.69336800021486],[-92.2360760000927,34.693552000237084]]],[[[-92.22821600007144,34.704774999829404],[-92.22821799972127,34.70438099998482],[-92.2282119998735,34.70432100008754],[-92.22815199959904,34.704276999889],[-92.22784299980255,34.70425499978101],[-92.22734599968508,34.70423999997251],[-92.22708200009446,34.70423999997251],[-92.22635099962525,34.70421899979301],[-92.22600099982088,34.704217999854635],[-92.2259749998816,34.7046089999362],[-92.22593200022392,34.705005999958516],[-92.22593300004881,34.70509700007846],[-92.22591899980512,34.70570800019033],[-92.22590600028464,34.705976999741964],[-92.2260510000496,34.70599100005708],[-92.22628600022624,34.7059970002969],[-92.22691100039022,34.7060270000125],[-92.22704000026165,34.706038999747975],[-92.22705199995721,34.705966999831965],[-92.22708100026954,34.70512400033823],[-92.22820799967553,34.70516199978629],[-92.22821600007144,34.704774999829404]]]]}},{"type":"Feature","properties":{"zip":"72010"},"geometry":{"type":"Polygon","coordinates":[[[-91.6494889996072,35.36493199970346],[-91.6428289996852,35.36167500028883],[-91.64228100041241,35.35529699999195],[-91.62324099955637,35.355037999879315],[-91.62343800009818,35.34795600031933],[-91.61888299992356,35.34790200000234],[-91.61795900000885,35.34067700009824],[-91.61002000034489,35.34068199985708],[-91.60714800014328,35.32886100013593],[-91.59905899979319,35.32389999975452],[-91.59856699969859,35.31788699989203],[-91.59010699962771,35.31905299973439],[-91.59731600044404,35.31581400021783],[-91.60436399980523,35.299542000337425],[-91.5890839999788,35.29212099975853],[-91.58978100011281,35.26048200000343],[-91.61239999955357,35.26317200032933],[-91.6147939999043,35.25759399979059],[-91.62240100020553,35.25891299998577],[-91.62575499955769,35.25415099992593],[-91.63225600036931,35.2536010003615],[-91.62595100027457,35.244211999968],[-91.6164569997858,35.23930299987804],[-91.62001000022788,35.22094000031393],[-91.60920900040807,35.20549599985474],[-91.59308099993657,35.20361599987419],[-91.58836000008061,35.195957000178005],[-91.57380400015236,35.20278500009301],[-91.54076399993508,35.20803400022428],[-91.53555299963433,35.19911500035185],[-91.54424600023202,35.1923679997256],[-91.54233599957998,35.187828999920214],[-91.5182869998862,35.19436499967379],[-91.50688699984167,35.18901599965294],[-91.50287399999038,35.20412700024677],[-91.4981659996549,35.199576000099285],[-91.50175199970894,35.192689000123835],[-91.49387599979417,35.189763999748],[-91.48443200043243,35.20342400028788],[-91.48208199956434,35.1914590002178],[-91.47206999994005,35.192926999952505],[-91.47650299991591,35.18495999966049],[-91.4692449995941,35.18669699966052],[-91.46556099963078,35.18351500026054],[-91.457071000321,35.18720899995421],[-91.45233000037355,35.195490999794245],[-91.44580900036873,35.18235000017154],[-91.43011899956515,35.18152900025863],[-91.42641600023357,35.18515800008981],[-91.43084099981353,35.19292199987694],[-91.4134570000646,35.19396999974513],[-91.40876700017078,35.21125700009148],[-91.40234999992302,35.2148859996951],[-91.3960880003843,35.21014199971182],[-91.39367700031514,35.193154999695885],[-91.38416000026017,35.18764599985987],[-91.37845900041299,35.190079999905926],[-91.37794800005182,35.197401000200685],[-91.39055200039355,35.20216799974923],[-91.37994700039232,35.21565000010796],[-91.39479200002556,35.221553000114824],[-91.37819199955098,35.222259999646106],[-91.38915800012556,35.235046999636],[-91.38477700002822,35.24659200011727],[-91.37256600004687,35.25566500031916],[-91.37156699978908,35.26467600006078],[-91.378531000383,35.26705600010613],[-91.38066899974237,35.254412999964],[-91.39156199962369,35.25208200019699],[-91.40055300014721,35.26464799988582],[-91.41184199986365,35.264834999797],[-91.41309700021449,35.303889000037266],[-91.4286919996852,35.29314100021477],[-91.4354860003998,35.29425599971295],[-91.43872400029927,35.30008600024962],[-91.43801100027176,35.305871999733775],[-91.42724300006391,35.310881999995885],[-91.4355709998903,35.313811000314786],[-91.42819999959059,35.320573999757364],[-91.42480600005548,35.33182100005048],[-91.43078399991211,35.33793699998105],[-91.44100099957582,35.339276000232076],[-91.4448140003089,35.34628200008381],[-91.42886999996041,35.350791999722766],[-91.42297699959431,35.35781399996357],[-91.43499400030521,35.36281799985009],[-91.43860899977325,35.36851499992097],[-91.43159900004687,35.371612999678284],[-91.41101900023126,35.36091100014977],[-91.41104799964526,35.36783399983209],[-91.42543600024236,35.372576000020544],[-91.42447200014465,35.37659399995694],[-91.41503700010543,35.38084700008628],[-91.46692099956358,35.381252000033],[-91.46716300031125,35.38720700018202],[-91.4749830001495,35.388901000251145],[-91.48717300021445,35.38210299968772],[-91.48007700027438,35.38909499975584],[-91.50536100022751,35.389518000149565],[-91.50493100005718,35.40271799990115],[-91.50051800017282,35.406047000007646],[-91.52047199999953,35.41931800027067],[-91.52869000022106,35.414845000284366],[-91.53619600024,35.41586500031128],[-91.53427800009034,35.426472000024475],[-91.53921900005432,35.431244000273274],[-91.54825599971028,35.4280200001697],[-91.58487600013385,35.427773000231575],[-91.58909499984945,35.430097000197655],[-91.58909999987232,35.442416000094696],[-91.58445400035944,35.44230899970187],[-91.58636499993808,35.464499999724225],[-91.5899569998399,35.45796300034904],[-91.60738300031993,35.460824000279196],[-91.6290939997395,35.45342099967002],[-91.63393099994641,35.45975300031687],[-91.63419100023741,35.44297199966847],[-91.62925100009835,35.44292800002644],[-91.63042799973306,35.399018000170656],[-91.63983199981011,35.3991450001634],[-91.63992600041978,35.39483900024011],[-91.6456029999775,35.394677999833895],[-91.64084000028876,35.379279000087536],[-91.64508599976855,35.366378000355986],[-91.64947600008671,35.36552200000148],[-91.6494889996072,35.36493199970346]],[[-91.51572199983126,35.36081099991869],[-91.51567800034864,35.36448900033798],[-91.50437700003833,35.365785999853365],[-91.50454199989477,35.35970600014523],[-91.51570099991487,35.36080899992745],[-91.51572199983126,35.36081099991869]]]}},{"type":"Feature","properties":{"zip":"72801"},"geometry":{"type":"Polygon","coordinates":[[[-93.17387899987347,35.291285999834415],[-93.1681289996225,35.28812000028147],[-93.16901999992525,35.2796850002624],[-93.16357500017111,35.266533999636195],[-93.14305999975451,35.2597749998574],[-93.13669299973547,35.25376999981254],[-93.1332099996136,35.258045000216384],[-93.12858699966692,35.256801999750316],[-93.12807600020409,35.26045699988975],[-93.12093400023323,35.26028900021665],[-93.12071199957707,35.268353999861276],[-93.11645299967849,35.26756699997541],[-93.11571700008474,35.27126499988652],[-93.12048300014654,35.27626599968072],[-93.10288099993942,35.27304399984648],[-93.10280800014446,35.27678000029632],[-93.11897000005284,35.285001000001635],[-93.10677499996503,35.28543900005604],[-93.10669100029945,35.290675000259824],[-93.12009599963392,35.29635499985079],[-93.13213799956087,35.29327500028127],[-93.13337000034548,35.29787499994837],[-93.14011999978085,35.29660199965553],[-93.14451500012188,35.3006879998385],[-93.14654799989925,35.29702399990196],[-93.16138699968472,35.29642000006546],[-93.16166000039452,35.30179100028754],[-93.15686500002039,35.302981999960224],[-93.16509699958732,35.30557400019489],[-93.1736489997197,35.301134000067975],[-93.17352800024418,35.29130200033012],[-93.17387899987347,35.291285999834415]]]}},{"type":"Feature","properties":{"zip":"72202"},"geometry":{"type":"MultiPolygon","coordinates":[[[[-92.30440699986458,34.73761799967496],[-92.3025220002252,34.725285999685696],[-92.28937499973524,34.727578000351905],[-92.28945199972814,34.73548200006424],[-92.28022500010138,34.7353470002504],[-92.25476700007097,34.73062300033443],[-92.25421600042516,34.72589499970146],[-92.24567000014056,34.72534399977502],[-92.23854599971308,34.71970300031102],[-92.22249900033074,34.7212939996313],[-92.21419700044363,34.738933999643024],[-92.2230459997786,34.741387000328146],[-92.21981299990199,34.74538699981499],[-92.26264999965844,34.74924199992338],[-92.26280199999441,34.74206100004259],[-92.2682929997793,34.745809999748936],[-92.26928299981627,34.74088099977007],[-92.27463499968398,34.738642999704894],[-92.29482700006041,34.74396799985299],[-92.30193399987114,34.74350600035622],[-92.30438199975022,34.73793300008321],[-92.30440699986458,34.73761799967496]]],[[[-92.34005200031977,34.784036999826654],[-92.31851400025425,34.779208000242434],[-92.31453800021286,34.77315300006948],[-92.31782499961784,34.769784999663536],[-92.31128900044274,34.76289799979358],[-92.31741399971412,34.75902199995605],[-92.30726499982246,34.75922500023926],[-92.30151100027184,34.75478800016335],[-92.29016399993075,34.75648899989153],[-92.3108509998765,34.78539100024128],[-92.33990800037974,34.78868100002337],[-92.34002800003033,34.78464700023184],[-92.34005200031977,34.784036999826654]]]]}},{"type":"Feature","properties":{"zip":"72227"},"geometry":{"type":"Polygon","coordinates":[[[-92.39136000001776,34.78522599965214],[-92.3909049997331,34.76347799977553],[-92.38715100034787,34.766353000218245],[-92.37644300041448,34.75766099984352],[-92.37626099994128,34.76085000002598],[-92.36944299983554,34.762206000092476],[-92.36043200011886,34.7600870001177],[-92.3569509996468,34.78164000019301],[-92.3691879995674,34.78773700016497],[-92.36233500019988,34.793553000096175],[-92.3761920003443,34.79987600007428],[-92.38787799972079,34.794850999908476],[-92.39133999992626,34.78570700034087],[-92.39136000001776,34.78522599965214]]]}},{"type":"Feature","properties":{"zip":"72118"},"geometry":{"type":"MultiPolygon","coordinates":[[[[-92.40743200041274,34.92317100011649],[-92.39944799964462,34.894471000332445],[-92.38226899993512,34.88805399986832],[-92.35183399995572,34.860298000147836],[-92.3455239998381,34.82738300013447],[-92.33967800022596,34.82151699963498],[-92.3754530003775,34.79828900029789],[-92.35621900025102,34.79095400005037],[-92.31294599957815,34.78647599978398],[-92.30269100027961,34.771033999970435],[-92.29567099960916,34.76888999977039],[-92.29275900012291,34.7710399999162],[-92.30127100007232,34.7751240000584],[-92.29738600026754,34.78239700020973],[-92.27788600000225,34.779831000053925],[-92.27903000002502,34.78585799990501],[-92.26855800009317,34.785442000115175],[-92.26495299977256,34.80237899970538],[-92.25386300024775,34.81415000016819],[-92.28806300038133,34.82172400023233],[-92.28927199980308,34.81282200035368],[-92.29467200024969,34.812892999976775],[-92.29917399982254,34.820393000061095],[-92.31228299977933,34.824484999742246],[-92.31212899979354,34.827966999843525],[-92.32112799981466,34.82802999963536],[-92.31954100010113,34.90059299990255],[-92.38980000006838,34.90164099969508],[-92.38922199976008,34.91736099970238],[-92.3963550004084,34.91569199995855],[-92.40707599986227,34.9231159999201],[-92.40743200041274,34.92317100011649]]],[[[-92.26528199966054,34.82020199995863],[-92.25685099990197,34.8228329996822],[-92.25080500027332,34.81911100015803],[-92.25515299986036,34.825290999826635],[-92.24633799996226,34.82636200019951],[-92.24607299964839,34.833586999998836],[-92.2378650003709,34.83706599996864],[-92.23787200004361,34.84058799973719],[-92.25945799978969,34.84095299975031],[-92.26505499987981,34.820564000360164],[-92.26528199966054,34.82020199995863]]]]}},{"type":"Feature","properties":{"zip":"72132"},"geometry":{"type":"Polygon","coordinates":[[[-92.32056799994801,34.44614900012834],[-92.31607600042092,34.44481600034748],[-92.31400599993532,34.418527999723175],[-92.2994809999692,34.41794400005797],[-92.29744599964367,34.39763400028657],[-92.24716300014278,34.3986830000292],[-92.24561999991185,34.41002200007443],[-92.24679700044487,34.41709700025266],[-92.25093499996964,34.41830800009464],[-92.2514239996912,34.43010200010889],[-92.23420999982157,34.437151999797656],[-92.22825999955407,34.42744699969191],[-92.21071799962141,34.41688199977246],[-92.20879199997414,34.427401000332466],[-92.1964889999313,34.43818899964198],[-92.18681100021784,34.405339999847065],[-92.17455500003065,34.404823000251966],[-92.17485799997935,34.38384099968894],[-92.15702099959557,34.38443200001498],[-92.15694199995286,34.389946000032324],[-92.14502200022467,34.390866000065444],[-92.13861300037283,34.38497600009129],[-92.11266999992053,34.38154999997638],[-92.11096699985603,34.37709500010263],[-92.08833400017156,34.375182999748],[-92.08395399989915,34.36508300028893],[-92.07304900032227,34.36201100027141],[-92.06217200033447,34.334668000071055],[-92.0507139996653,34.324144000354785],[-92.06784800006729,34.352790999772225],[-92.06940700019172,34.39122500006566],[-92.08468899966799,34.40313200012007],[-92.08069900028121,34.40298199984354],[-92.11261300001912,34.4203129998307],[-92.12098500022644,34.429902000202816],[-92.12076900031637,34.43500899987009],[-92.10740699974127,34.44763099977151],[-92.0947780001835,34.44457300012423],[-92.10651799998665,34.44862100034469],[-92.09934699970349,34.469446000192264],[-92.14131200032206,34.49151599998111],[-92.27474699983696,34.49212399983476],[-92.27498200001361,34.48066400005534],[-92.27015499985245,34.47559800012759],[-92.3063440002808,34.47705100006865],[-92.3205520000545,34.4462059997175],[-92.32056799994801,34.44614900012834]]]}},{"type":"Feature","properties":{"zip":"72160"},"geometry":{"type":"Polygon","coordinates":[[[-91.68348899972422,34.4928379997414],[-91.67481899959108,34.48379300029189],[-91.67821999969719,34.481913000022814],[-91.625242000445,34.47964200006978],[-91.62512899956879,34.453950000090835],[-91.62911399983099,34.450807999817826],[-91.61370799960785,34.45060999990024],[-91.61392600006607,34.41589899979035],[-91.59641000007267,34.41403999978331],[-91.59626299975956,34.42118500034955],[-91.5775790003523,34.42117999991706],[-91.578030000439,34.39179000033797],[-91.56101700041086,34.392889999682644],[-91.56124199964343,34.3759279997345],[-91.54768499997297,34.37125100034022],[-91.55596000009591,34.36444700031611],[-91.56520400033942,34.364170000279685],[-91.57387799977221,34.35028300028932],[-91.57081099957693,34.35038499965078],[-91.57089599996576,34.346252000084995],[-91.56177999976877,34.34587999979356],[-91.56251299988779,34.31579400033275],[-91.59777500002835,34.31697699964131],[-91.59968800015513,34.30572500015386],[-91.6071139998081,34.30858199985452],[-91.61459399988773,34.30469400011448],[-91.63112999988992,34.30502999983278],[-91.62790000038633,34.295179999831234],[-91.62114000000692,34.289600000070216],[-91.6082899996179,34.28750000017318],[-91.58310299974914,34.29402699983796],[-91.57661199988156,34.29028699968504],[-91.57713800031134,34.28526400014196],[-91.58528399966453,34.27886300020756],[-91.59224400006049,34.279289000039356],[-91.59659099982264,34.28826299975864],[-91.60137799980082,34.286952999889486],[-91.60913300024008,34.268595999713575],[-91.60649600021512,34.265001000167594],[-91.60931999983782,34.258238000064516],[-91.60434100023902,34.2554629998638],[-91.6083180001053,34.25457799985],[-91.60938699978497,34.24814299975438],[-91.60504599987061,34.247099000136586],[-91.6077900000257,34.24233100027993],[-91.62227900000681,34.24373999995295],[-91.60842000021255,34.23817299979832],[-91.59841400043602,34.24339999988982],[-91.58551999966608,34.232916999940585],[-91.59916099990042,34.22878799991633],[-91.59959299972056,34.215252999803845],[-91.58256299997397,34.207724000285616],[-91.57908900007294,34.19029199985288],[-91.58224199958362,34.18246600002647],[-91.57633700042027,34.17801200036016],[-91.5802070001564,34.17344799976591],[-91.56517500002711,34.156633000059365],[-91.57158700025198,34.126986000016124],[-91.58153299975405,34.11729400016851],[-91.57820299979305,34.10937500028418],[-91.5696170002238,34.113510999773276],[-91.52853399968714,34.103685999880234],[-91.49071300023775,34.1096660002404],[-91.4665900000258,34.09940299969324],[-91.44704200007993,34.09864799989078],[-91.44446299978131,34.08587200034472],[-91.43873799964469,34.082879000365295],[-91.44356700035398,34.08131999996135],[-91.44006599979045,34.081436999794235],[-91.43149699993964,34.08773699966709],[-91.44245699976811,34.08796099965977],[-91.43803100036325,34.09657000010912],[-91.44199399998584,34.11300000018214],[-91.4469750001328,34.112225000246575],[-91.44416900005342,34.116938000166265],[-91.44823399978327,34.12093600021211],[-91.44281699961822,34.12598500010117],[-91.44697099993483,34.1299470002575],[-91.45067800036269,34.128049000188255],[-91.4524249999098,34.13420800011339],[-91.46308000013974,34.135681000327615],[-91.47632100034102,34.135372000108774],[-91.49294400038184,34.12718000035345],[-91.49678999982855,34.13062299986048],[-91.4964690003365,34.14999299989651],[-91.50280700004323,34.14890599980248],[-91.50710500029987,34.143031000202974],[-91.51521899986602,34.14290500018704],[-91.51497299981872,34.156648000341384],[-91.52080400026055,34.163681000013206],[-91.51469300033456,34.171918999750865],[-91.52739600041048,34.18332299964361],[-91.52356199976101,34.19157599987305],[-91.53068700001343,34.20218999979843],[-91.52546999986492,34.208419000360905],[-91.512069999655,34.20769999979798],[-91.51199000018735,34.22273999992336],[-91.48896300031758,34.22190600019845],[-91.49395899963483,34.23367299964314],[-91.49352000014201,34.2506699998355],[-91.47476999971418,34.25039000009478],[-91.47372000030107,34.297400000084586],[-91.49240000040871,34.29718999998563],[-91.49195000014693,34.312529999850135],[-91.47314000034294,34.312240000056946],[-91.47265999994393,34.34191000036656],[-91.49106999971481,34.34226000022187],[-91.48907999959513,34.41736999985914],[-91.45254000043583,34.41687999964474],[-91.4523129997568,34.4317219998635],[-91.4350009999779,34.43168900027373],[-91.43623200003928,34.445182999966605],[-91.41666599965177,34.452380999934476],[-91.41622999963369,34.475200000180195],[-91.43350899980061,34.47625999964602],[-91.43323900036218,34.48356400029874],[-91.44207000015382,34.48366000009755],[-91.44192600021377,34.49068999992681],[-91.40613900036665,34.48965099989448],[-91.40163900044364,34.47598199978094],[-91.39792000032021,34.475959999863974],[-91.39758999970901,34.49052999986499],[-91.36228999993361,34.49008000012777],[-91.36133000003387,34.53208999969254],[-91.3557410003397,34.53212099996494],[-91.36520200031818,34.5372550001619],[-91.36961400037765,34.54624000006016],[-91.37703099980979,34.54731600012585],[-91.37782000000531,34.563479999753746],[-91.41399600001485,34.564202000364574],[-91.4133809998966,34.570390000359154],[-91.42553499997655,34.56837699993867],[-91.43041599966607,34.572628999911906],[-91.46624900044225,34.572638999639565],[-91.4656750003319,34.602157999955864],[-91.44798299971309,34.60184499981179],[-91.44831800034717,34.58402399986037],[-91.45719400034464,34.576749000362334],[-91.45336300006822,34.579764000206275],[-91.37749899961494,34.57676100032825],[-91.37698200030431,34.5928679997696],[-91.41266600021926,34.59382499974996],[-91.4122600003384,34.6085820002956],[-91.44788800017686,34.60913500022422],[-91.4466660003363,34.65294100011449],[-91.4668579998144,34.653808000263126],[-91.47039000034009,34.65050799971758],[-91.48678400005204,34.65862999963946],[-91.48429099996711,34.624331999731474],[-91.53733400041494,34.62548799980213],[-91.53673099999229,34.63646000007813],[-91.51869500031519,34.64042299984756],[-91.51061900038388,34.64488800010948],[-91.5106629998665,34.649213999968055],[-91.51638999965296,34.64761699978047],[-91.51454600002147,34.65073799993011],[-91.5265029995596,34.653368999761504],[-91.53033800003398,34.659202000298706],[-91.53772900042516,34.657048999821555],[-91.53740999968463,34.66899400035522],[-91.54650999998809,34.67664700024539],[-91.55518299959597,34.677109000266164],[-91.55522199995404,34.654903000355276],[-91.5741580001547,34.65533400032521],[-91.573081999904,34.670199999701886],[-91.59182700030897,34.67071199966309],[-91.59223900003761,34.65556299992211],[-91.67099999990853,34.658962999995744],[-91.66164299968713,34.64560899987169],[-91.64309200034924,34.63692900030411],[-91.63849500034185,34.62510499995701],[-91.64918099963562,34.60679000035039],[-91.65949600010693,34.600289000266514],[-91.66503799994547,34.580433000241676],[-91.65803099969382,34.5766999997439],[-91.65621999967429,34.56881699970161],[-91.64699100039772,34.56900000018002],[-91.64723999991976,34.56057699981764],[-91.65228299999099,34.56068800031233],[-91.6561360000087,34.55264600012286],[-91.65657700004967,34.5387369999029],[-91.67136899997948,34.53545199968113],[-91.66896899978099,34.51659599964035],[-91.67895100016638,34.507298000218704],[-91.67567700028188,34.50432799988649],[-91.68105300043904,34.49938499965446],[-91.67937999961346,34.492315000076914],[-91.68344100004366,34.492991000195225],[-91.68348899972422,34.4928379997414]]]}},{"type":"Feature","properties":{"zip":"72120"},"geometry":{"type":"Polygon","coordinates":[[[-92.34581400026632,34.95903600012083],[-92.31741899973699,34.95822999985418],[-92.31759000033952,34.950743999790035],[-92.29100199963176,34.950465999877565],[-92.27892500044302,34.942918999765745],[-92.26583700040261,34.947260000328875],[-92.26454900043983,34.9268850002382],[-92.28275599982113,34.91277999977659],[-92.24851800005273,34.91704899999774],[-92.24945399966302,34.87357499996158],[-92.24049300017504,34.87336599983934],[-92.24078899955273,34.86506500017157],[-92.24624000005296,34.86964800018186],[-92.2584719999507,34.870377000068096],[-92.25887600018174,34.85553800027841],[-92.29241400034142,34.8559859997278],[-92.2940810004209,34.87510999979382],[-92.31993600011134,34.87508900033517],[-92.32108199978391,34.83052700017586],[-92.31172799993554,34.82804399991032],[-92.3045149998196,34.83554999976369],[-92.31051100011787,34.83514299998673],[-92.30373099964696,34.84158000010923],[-92.29003699970916,34.83712800036818],[-92.29126699994563,34.831963000348196],[-92.28602499968277,34.82607200021014],[-92.27241500030887,34.83476699964944],[-92.27678800001027,34.835061000039964],[-92.27671900041331,34.84121599968159],[-92.23787200004361,34.84058799973719],[-92.2378650003709,34.83706599996864],[-92.2461010001358,34.83281699999417],[-92.23306099977597,34.82601799984502],[-92.23174799969881,34.806289999762654],[-92.21492700018959,34.80402799990873],[-92.19205000010764,34.825663000154975],[-92.14356400038254,34.851061000255456],[-92.15137800037304,34.85884099977002],[-92.16238699970701,34.852328999771665],[-92.18369399979385,34.854166999654126],[-92.19674000000145,34.86072900031162],[-92.20136399977305,34.86757700008837],[-92.21154000032719,34.867096999889405],[-92.22425900029664,34.873692999654885],[-92.21781500028472,34.873604999949656],[-92.22182999978584,34.876101000258544],[-92.21842799985481,34.876444999850975],[-92.21830999985404,34.881846999789936],[-92.20827599959011,34.87254999993493],[-92.19622500034066,34.872104000287095],[-92.19431100038896,34.881534000004],[-92.18313599957702,34.88029800025594],[-92.18749699958286,34.886835999774355],[-92.1814729996955,34.89185399979289],[-92.19185000009111,34.894972999954604],[-92.19552200035888,34.90990099986899],[-92.20214100027297,34.914127999952015],[-92.19585799991954,34.914745999964424],[-92.19694800041393,34.919368000252085],[-92.21437999984342,34.93160800006358],[-92.21195000040602,34.94328999968298],[-92.21608700010587,34.956420999856334],[-92.22888800009109,34.95669400034102],[-92.22798699974258,34.98754600015381],[-92.31654900024894,34.987259999978],[-92.31696799965029,34.97279699971583],[-92.32304299959127,34.97215800015429],[-92.32734199967283,34.96088299996353],[-92.34580000002262,34.95906100010924],[-92.34581400026632,34.95903600012083]]]}},{"type":"Feature","properties":{"zip":"72106"},"geometry":{"type":"Polygon","coordinates":[[[-92.59925200019744,34.99997200017082],[-92.58678500012306,34.97401600024575],[-92.56202699970142,34.957402999997875],[-92.52787599997163,34.950804999970465],[-92.48719199964314,34.95327499975568],[-92.47288000011235,34.94636300022015],[-92.46581299958628,34.924670000355356],[-92.45089799963282,34.90379099987075],[-92.45360800035104,34.889052999759045],[-92.46462199970784,34.8719179998843],[-92.46434899989639,34.86208099983243],[-92.45680500024264,34.85233299972293],[-92.43641299984968,34.84296200034985],[-92.44723299993606,34.85698099967732],[-92.44223000004781,34.86912300007599],[-92.44961200021817,34.90330499982524],[-92.44326199991757,34.90645299991709],[-92.43914799978393,34.90308400035091],[-92.4380680002336,34.90688200034053],[-92.43709400009016,34.902798999847434],[-92.43650400008627,34.90772499996471],[-92.4177720001001,34.91329099967272],[-92.4143290001612,34.92151500025266],[-92.41780100041242,34.923679000201346],[-92.41305100024414,34.924813999912494],[-92.41907299958338,34.931549999981044],[-92.41371300021805,34.93141699968777],[-92.3963550004084,34.91569199995855],[-92.38922199976008,34.91736099970238],[-92.38756800009939,34.961564000213784],[-92.3727779998194,34.95853499968801],[-92.34499099973561,34.96014000035046],[-92.34676599977013,34.96378199970328],[-92.37443800022618,34.965744999818966],[-92.38278399959593,34.974562999706],[-92.39616999956216,34.97489300014754],[-92.39110599957455,34.98915899968037],[-92.4038870003666,34.98930599979217],[-92.40415799962993,34.99667699995131],[-92.40963199969639,34.9967919998261],[-92.409907000056,34.98927200023035],[-92.42203299964852,34.989598999803306],[-92.42413099972322,34.97646000030613],[-92.42518000020972,34.98597100003663],[-92.44245400035379,34.98661699988972],[-92.45603299976557,34.981750999883495],[-92.4715660002103,34.984757999903586],[-92.49193900033667,35.00697300006146],[-92.49341100042248,35.0205489996875],[-92.50553899966485,35.033776999636686],[-92.52642900000018,35.03525799995894],[-92.5263689997257,35.03889200035209],[-92.56018499971974,35.03542700030298],[-92.59046499988844,35.01625199974926],[-92.59924499962645,35.00033399983224],[-92.59925200019744,34.99997200017082]]]}},{"type":"Feature","properties":{"zip":"72015"},"geometry":{"type":"Polygon","coordinates":[[[-92.72915599990992,34.4786630003652],[-92.72430000033475,34.482538000223066],[-92.72435999971088,34.47654800022891],[-92.712357000142,34.48093900012805],[-92.7097109998962,34.4777559998462],[-92.70251100019905,34.494806999645895],[-92.69338599978123,34.49164900023531],[-92.69349399973626,34.488131999766395],[-92.67714400040524,34.48779099971294],[-92.67533099983757,34.48505300030305],[-92.68318699966086,34.48050300034062],[-92.67861599959275,34.473447999677695],[-92.66704300019417,34.47284600002248],[-92.66630400022737,34.49451799966424],[-92.64302600028742,34.47894300030694],[-92.64211900009114,34.46309899973741],[-92.63054999999221,34.46313200025236],[-92.61086200030427,34.45347800018089],[-92.60779799958372,34.44513300035354],[-92.61131599986571,34.43662200018043],[-92.62454000034856,34.42245000013765],[-92.61689299986432,34.41646499990205],[-92.61737800028621,34.413199000362745],[-92.62157400043563,34.415021999668596],[-92.62264800013817,34.4046900002724],[-92.61620699960098,34.398421999921595],[-92.55025199973815,34.396866000038045],[-92.53787000005259,34.40132300015304],[-92.53760599956362,34.41061699989147],[-92.53017499988778,34.415487999948],[-92.52733000034867,34.42805300035912],[-92.5009659999469,34.435288000062975],[-92.50091800026632,34.446557000112676],[-92.51124999955776,34.4538219997009],[-92.53224299982526,34.4548520001692],[-92.53257599991119,34.46136200000491],[-92.52181799974908,34.46830700036623],[-92.52143000030986,34.47557999977652],[-92.51690000024962,34.47882800018014],[-92.5163069998727,34.484226000290704],[-92.52726699970117,34.50257900013294],[-92.52443600040577,34.506315999864206],[-92.53042599995796,34.51599199983171],[-92.54738000043487,34.51649200016183],[-92.55263699986803,34.525344999926034],[-92.55930699983577,34.52378700009504],[-92.55678500033684,34.53480600010784],[-92.56330399979355,34.53483400008556],[-92.55822399991239,34.53926299966158],[-92.54835700005303,34.52921500024559],[-92.55455800039073,34.527234999985524],[-92.54669400017151,34.52695099997061],[-92.544326999585,34.53409200008379],[-92.53859899997364,34.533887000342666],[-92.53752899957074,34.548392000337216],[-92.53267899984336,34.55209600021142],[-92.53691600000062,34.55768699989996],[-92.53241100005474,34.557761999837],[-92.53213200039548,34.56306900012081],[-92.52477899963912,34.56312800002739],[-92.52978300025062,34.567645999847315],[-92.52969399966383,34.575225000226865],[-92.53578600022159,34.575272000205466],[-92.53568800031229,34.5788580003139],[-92.51748100003266,34.58482800029197],[-92.51733899974246,34.59205899967835],[-92.53038300030023,34.592214000132245],[-92.5308460000825,34.595120000262234],[-92.53234300028268,34.59226699972015],[-92.53050299995084,34.59837100025469],[-92.5343860001058,34.59958999983315],[-92.53415099992915,34.605174000303826],[-92.5304229995849,34.60707399991866],[-92.53615699994235,34.60527500016526],[-92.55685999978161,34.59687700032259],[-92.61192299958803,34.56159299977135],[-92.6316119999992,34.54480100011001],[-92.67403399965394,34.537410999663365],[-92.71555800023157,34.48956499967023],[-92.72802299975783,34.48027900005971],[-92.72915599990992,34.4786630003652]]]}},{"type":"Feature","properties":{"zip":"72022"},"geometry":{"type":"MultiPolygon","coordinates":[[[[-92.53576100010723,34.575761000184684],[-92.52969399966383,34.575225000226865],[-92.52963299956447,34.57030000033273],[-92.49545500007052,34.57004800033215],[-92.49523199958945,34.575091000252186],[-92.48731899986474,34.571925000234316],[-92.48662099990584,34.58870800034097],[-92.48177600020131,34.59796000008851],[-92.47642500015853,34.606312999733284],[-92.44605499957814,34.62935299999272],[-92.44918899972055,34.63579699987391],[-92.45348299977924,34.635856999903126],[-92.44812599988866,34.638921999950824],[-92.45338300022013,34.63761499967497],[-92.45943200022185,34.64233199986913],[-92.46124700043933,34.63478000024096],[-92.47386400030153,34.62968699977808],[-92.47319399993172,34.6366239998283],[-92.49346400012595,34.63574800008885],[-92.49510100006819,34.64260299976035],[-92.48809899983944,34.64789799967028],[-92.49678700041424,34.65063899966622],[-92.49711799995204,34.64263300027473],[-92.50188300018893,34.642653999815415],[-92.50230699961314,34.62910000011459],[-92.524382999804,34.62754999987183],[-92.51557399975368,34.6265040001155],[-92.51700700037973,34.611614000107664],[-92.53385700020128,34.605447000356634],[-92.5343860001058,34.59958999983315],[-92.53050299995084,34.59837100025469],[-92.53038300030023,34.592214000132245],[-92.51733899974246,34.59205899967835],[-92.51748100003266,34.58482800029197],[-92.53073599957935,34.58187299983853],[-92.53572500012221,34.57648099993258],[-92.53576100010723,34.575761000184684]]],[[[-92.51473299967964,34.64802700029219],[-92.50582999991799,34.64918899967692],[-92.50535399971692,34.65736200014077],[-92.51436399960869,34.65748299974672],[-92.51470699974037,34.64843599964225],[-92.51473299967964,34.64802700029219]]],[[[-92.48177500037642,34.64413099974191],[-92.4751420002186,34.642120999763364],[-92.47498700040789,34.64569900033666],[-92.48176399960744,34.64442600000113],[-92.48177500037642,34.64413099974191]]],[[[-92.51973999976586,34.66122900032402],[-92.51986899963728,34.6575870002561],[-92.51436399960869,34.65748299974672],[-92.51557100027895,34.66114399980218],[-92.51973999976586,34.66122900032402]]],[[[-92.47079999958102,34.64010699994857],[-92.46875500010806,34.64007899994625],[-92.46873699966642,34.64013499994149],[-92.46863999958202,34.64013499994149],[-92.46793499995042,34.64012900010215],[-92.46623500025899,34.640112999789494],[-92.46591700024166,34.640385000250824],[-92.46526899961314,34.6403640001356],[-92.46526000029063,34.64078599988259],[-92.46520699968886,34.643170999675114],[-92.46535400000195,34.64319299975485],[-92.46573300011866,34.64318700013682],[-92.46585899961703,34.643159999633],[-92.4662519999774,34.642951000034444],[-92.46654400005546,34.642840999995215],[-92.46670399988905,34.64281899982204],[-92.46680400034646,34.642845999697826],[-92.46688999966187,34.64290699974067],[-92.46699699979199,34.64294499965983],[-92.46712999986138,34.642928999890444],[-92.46718299956484,34.642890000024025],[-92.46732300020523,34.64285699978159],[-92.4673559998172,34.64286799986384],[-92.46738900032749,34.64313800028352],[-92.46745600027464,34.643209000212316],[-92.46755500000882,34.64324200031466],[-92.46779500020833,34.64328000008032],[-92.4680880001113,34.64330799974094],[-92.46844700013649,34.643472999924334],[-92.46862000038887,34.64357700027438],[-92.46885300001738,34.64364300017302],[-92.46897900041407,34.643702999699386],[-92.46933800043927,34.64371399966941],[-92.46951800036432,34.643676000102644],[-92.46967099962687,34.64374700030983],[-92.46980700006931,34.643783999914916],[-92.46994799963632,34.643834000054035],[-92.4700589999644,34.64382499995732],[-92.47021999962287,34.64377299995412],[-92.47035000021754,34.6437019997692],[-92.47047900008896,34.6436399996413],[-92.4705600002798,34.643579000137684],[-92.47067400008264,34.64353700004148],[-92.47074100002979,34.64194900018705],[-92.47079999958102,34.64010699994857]]],[[[-92.53249800009338,34.59556100021762],[-92.53269599956178,34.59499299975034],[-92.53214699956577,34.59485800007052],[-92.53234099973456,34.592288999985676],[-92.53234300028268,34.59226699972015],[-92.53124500029068,34.59224299982722],[-92.5309649999082,34.59223700022269],[-92.5308739996716,34.59434599981125],[-92.53086799982383,34.59448900007273],[-92.53084400043268,34.595045000006685],[-92.5308460000825,34.595120000262234],[-92.53249800009338,34.59556100021762]]]]}},{"type":"Feature","properties":{"zip":"72143"},"geometry":{"type":"Polygon","coordinates":[[[-92.02125500037748,35.18456300032021],[-92.0190119996395,35.17720000007439],[-92.01320500038544,35.17428900013649],[-92.00356199993375,35.179435000228004],[-91.98795900006715,35.17608900020648],[-91.98709600025178,35.1669450003193],[-91.98333299974742,35.166855000246265],[-91.97023899985923,35.17946299971467],[-91.96803700002746,35.19101999974538],[-91.94883700023615,35.20564699976713],[-91.90764599974446,35.20445299978698],[-91.90755399968296,35.219421999969356],[-91.8890409999799,35.2152420003633],[-91.87558399986854,35.22318999974326],[-91.85847700012907,35.21846099988359],[-91.85712100039422,35.21498900005099],[-91.83313799992436,35.21840900031282],[-91.8277969999273,35.21725900024499],[-91.82639099996372,35.21280300021467],[-91.81562199993095,35.214468999683234],[-91.80756000024334,35.196569000137345],[-91.8007279998939,35.195126999689116],[-91.79785099966944,35.18803500012899],[-91.80191799994739,35.18723900031014],[-91.80263000015002,35.13458600017886],[-91.79756899963712,35.13277099966994],[-91.7762909998626,35.1487459999944],[-91.7764049996654,35.13764199986497],[-91.77198099991037,35.135777999842006],[-91.78492900020869,35.13338999976361],[-91.77875600035841,35.127837000251105],[-91.78084400038739,35.12030300003166],[-91.77514699983985,35.114161999817476],[-91.77157699967933,35.098529999863814],[-91.77513900034225,35.09112199980657],[-91.76555899963975,35.07603199976577],[-91.75048499967764,35.06543299988719],[-91.74690899966934,35.05233099972889],[-91.7391740002199,35.05001499993016],[-91.71086300025445,35.06278299992111],[-91.69683899970545,35.06141700022299],[-91.695904999745,35.066374999823225],[-91.7079109996869,35.07956400034366],[-91.69027699969274,35.07948700021221],[-91.69008599989704,35.09289199976029],[-91.66304000032818,35.09260599985359],[-91.66260199976196,35.15075599987586],[-91.59143099957552,35.150058999652835],[-91.59159100030742,35.13539099976359],[-91.57197600041441,35.13514699993794],[-91.56618400033064,35.13987500034641],[-91.5641189998679,35.12808900012329],[-91.55743600037967,35.12592399974542],[-91.5562899998088,35.120487000287355],[-91.53902400006065,35.12007899967056],[-91.53930100007008,35.09587199980764],[-91.53558600014462,35.090847999818294],[-91.46526899955272,35.08945700035247],[-91.46168699969665,35.102605999946775],[-91.45983100036959,35.09217900032603],[-91.45152600010944,35.08835200034087],[-91.45231899960459,35.10191400035815],[-91.42416199962494,35.105178999846316],[-91.4287629998303,35.11155699999087],[-91.43676099994381,35.10464900035316],[-91.44409899973323,35.10486899964597],[-91.43888999998063,35.118438999887815],[-91.4518979996551,35.13671300025548],[-91.44832300037004,35.141485000087954],[-91.43798199995945,35.135119999731636],[-91.42864499982952,35.1367310000418],[-91.43488999964983,35.14375099965278],[-91.43393700032111,35.15286699985655],[-91.45968499988142,35.15516300023919],[-91.46340599965465,35.15981500017323],[-91.45666799991487,35.169166999793845],[-91.43769900010223,35.1654360001524],[-91.42160999998879,35.179078999725064],[-91.44580900036873,35.18235000017154],[-91.45233000037355,35.195490999794245],[-91.457071000321,35.18720899995421],[-91.46556099963078,35.18351500026054],[-91.4692449995941,35.18669699966052],[-91.47650299991591,35.18495999966049],[-91.47206999994005,35.192926999952505],[-91.48208199956434,35.1914590002178],[-91.48443200043243,35.20342400028788],[-91.49565599985155,35.189555999698236],[-91.50175199970894,35.192689000123835],[-91.4981659996549,35.199576000099285],[-91.50287399999038,35.20412700024677],[-91.50688699984167,35.18901599965294],[-91.5182869998862,35.19436499967379],[-91.54233599957998,35.187828999920214],[-91.54424600023202,35.1923679997256],[-91.53555299963433,35.19911500035185],[-91.54283199987255,35.20823200020208],[-91.57380400015236,35.20278500009301],[-91.58836000008061,35.195957000178005],[-91.59130099987918,35.20276599976097],[-91.61188200041803,35.20804199988425],[-91.62001000022788,35.22094000031393],[-91.6164569997858,35.23930299987804],[-91.63178199981809,35.25073599965477],[-91.63197099996397,35.254312000198034],[-91.62575499955769,35.25415099992593],[-91.62240100020553,35.25891299998577],[-91.6130919996647,35.25852200011212],[-91.61488900033885,35.2641420000332],[-91.63676799998791,35.26668899988794],[-91.64230399997864,35.2518650002603],[-91.65646599972159,35.240737999949815],[-91.6557409999985,35.22750300030228],[-91.67008400038974,35.2236959998233],[-91.66908099993398,35.231058999885015],[-91.67859700016405,35.223760000145305],[-91.68599400040301,35.22372700013465],[-91.6854799996688,35.21882099995035],[-91.67923700039665,35.22302199990369],[-91.67958399982797,35.20403899970078],[-91.68162699965109,35.20916400035896],[-91.6973070004089,35.20947500012402],[-91.68820899975528,35.21646200026863],[-91.68724399983267,35.238405000190774],[-91.6794239999944,35.23863399993696],[-91.68947900017471,35.2407299998439],[-91.6729399997995,35.25384300001341],[-91.70383699973625,35.26652399975175],[-91.72031900021007,35.28538300011756],[-91.71188799955321,35.30158000003861],[-91.73290400028523,35.30209599975482],[-91.73203300007395,35.30734900027678],[-91.7426459995728,35.3175920000287],[-91.70655199957902,35.340129999845324],[-91.71752599965117,35.347583000337465],[-91.71428199990393,35.36311900000706],[-91.72065599959565,35.389666999822296],[-91.71646500036742,35.396331000351395],[-91.70784499956468,35.3930620002886],[-91.69900999957508,35.39817399996258],[-91.70058299994324,35.403611000304764],[-91.71391700003093,35.40331099982373],[-91.7098940001339,35.414285000248526],[-91.76588400022808,35.41539000005336],[-91.78837100032268,35.3947810000308],[-91.79399400035206,35.39433799975745],[-91.7834949997577,35.3846609996866],[-91.78595000020779,35.38298599975046],[-91.78201199980126,35.364756999692254],[-91.78923699961277,35.36070400031813],[-91.80101900014704,35.363564000220215],[-91.79539500029274,35.35164299963806],[-91.79856899971982,35.35021200003052],[-91.81213399978621,35.35081900001879],[-91.82083900007946,35.35789499964292],[-91.83404099992268,35.358050000014764],[-91.83231500029197,35.362517000036064],[-91.8521350002244,35.35987800009468],[-91.85150599986244,35.38046300022859],[-91.85939799967075,35.38132200027885],[-91.86324700038881,35.38836299984778],[-91.85994800038996,35.393191999657994],[-91.86640499992238,35.39669299972405],[-91.86805799975815,35.38921500029551],[-91.87806299970977,35.39098200018592],[-91.87554299986067,35.38736899979032],[-91.88031099957229,35.38632400018232],[-91.8806629999248,35.380974999876855],[-91.89457000029795,35.37838199991723],[-91.89884599991497,35.3730430003422],[-91.90582700022735,35.3784730001661],[-91.9122240003836,35.3753209997648],[-91.91494599989905,35.37990300012021],[-91.92355800030589,35.3750290002679],[-91.93888099979002,35.38433599981679],[-91.93891099992726,35.35953399982944],[-91.90955600039649,35.35913100008232],[-91.91214800021562,35.35122300033124],[-91.90370700041132,35.34021300017428],[-91.90395599993334,35.32884499973885],[-91.928129000374,35.31704499966814],[-91.94260699958615,35.31773799966819],[-91.96398200034336,35.31027700035206],[-91.96399900006179,35.31536500007533],[-91.98026300007743,35.315556000171206],[-91.98041100021543,35.308219999972074],[-91.98485099986398,35.30822099988553],[-91.98487299960529,35.304562999912704],[-91.97605100003449,35.304492999843205],[-91.97642599995321,35.290004999651686],[-91.96295899979613,35.29470100011666],[-91.9639839999932,35.27139700021871],[-91.950341000109,35.27116999988105],[-91.95168599997321,35.22664200019024],[-91.95603100008553,35.23100600018176],[-91.95927900003076,35.22281299966588],[-91.96552999969886,35.22381799982017],[-91.97857699973136,35.217286999906655],[-91.97508199991393,35.21324499997577],[-91.96463000007357,35.21297499987641],[-91.96975000013768,35.19119499969793],[-91.97925600032202,35.19133999970871],[-91.9793600000791,35.18768500018412],[-91.98755200036136,35.18787199987862],[-91.98767899968465,35.184254999799364],[-92.00166200022576,35.18446200023036],[-92.00150200039221,35.195386999825736],[-92.01317900044617,35.19533799967449],[-92.01342399977023,35.18437399967175],[-92.02114900007226,35.18456300032021],[-92.02125500037748,35.18456300032021]],[[-91.73238500042646,35.130534000160324],[-91.73222399986967,35.151793999797746],[-91.714577000355,35.15185499983402],[-91.71440900012553,35.173332000237046],[-91.71094500027023,35.17347699981107],[-91.70986200034685,35.18009899972235],[-91.71056000030576,35.187474000145514],[-91.71482800042517,35.18750900007849],[-91.71765100022297,35.19482799964112],[-91.71761699988778,35.20292100006053],[-91.70135200004727,35.205529999650494],[-91.70135200004727,35.19822499992493],[-91.71264599978657,35.19474000003122],[-91.70378700040585,35.19382800032924],[-91.70491200016203,35.17171800008821],[-91.70199999977747,35.169740000207796],[-91.70701899955924,35.16509500025977],[-91.70416599962421,35.154834000247256],[-91.71057399965115,35.14621499981217],[-91.70687299996939,35.14100599965989],[-91.71359499981565,35.13356799992468],[-91.71233100014231,35.12335000021289],[-91.72338100038247,35.122366999879624],[-91.72276299989117,35.125935000011566],[-91.73231699975608,35.13054200010155],[-91.73238500042646,35.130534000160324]],[[-91.61890300001507,35.207291000198595],[-91.6129500002728,35.20888200016756],[-91.60372500029588,35.20319999970755],[-91.60812399993654,35.20402900018319],[-91.61243399988876,35.19780500007296],[-91.61676300010757,35.20344900036678],[-91.61071800030379,35.20553999971726],[-91.61882900039521,35.207258000098044],[-91.61890300001507,35.207291000198595]]]}}]}