{"type":"FeatureCollection","features":[{"type":"Feature","properties":{"zip":"63021"},"geometry":{"type":"Polygon","coordinates":[[[-90.60898300039183,38.56001500015185],[-90.60874300019232,38.54533799967222],[-90.6050609998788,38.54376500029144],[-90.60505500003103,38.54068300012729],[-90.58961799984576,38.535454999723044],[-90.5871080000424,38.53298500026628],[-90.5778770002177,38.53424300030412],[-90.57171000021519,38.53238200010302],[-90.55595900021058,38.54668799995259],[-90.54127199986276,38.54601700030658],[-90.53683600041215,38.540760999923805],[-90.53331899995509,38.54029100017559],[-90.53168299983774,38.5444140002157],[-90.53459199984927,38.54875600003003],[-90.52067799980342,38.54676799978266],[-90.52055300012996,38.55202400022202],[-90.51389800023084,38.55269200027877],[-90.51165700004101,38.55115000000056],[-90.51088899976189,38.56040899990099],[-90.50221399960587,38.56118599987115],[-90.49607099989282,38.56384999981684],[-90.49737999977201,38.56485600004861],[-90.4958020002793,38.5676959997174],[-90.48400499967644,38.569196999910716],[-90.47618800021121,38.5671439998324],[-90.47100200002484,38.575008999857396],[-90.46522300035987,38.57516700016879],[-90.46178399972061,38.5784520001604],[-90.46158999955185,38.5797840000083],[-90.46502400016824,38.57871699983352],[-90.46712999974054,38.585311999839526],[-90.4627629998869,38.58853799997862],[-90.46857400023725,38.5871850002763],[-90.466817999571,38.589533000038],[-90.46821900041003,38.59145999974974],[-90.46748899976575,38.59688499983098],[-90.47113099989627,38.59717700016094],[-90.47790799999414,38.59615300022643],[-90.4782789997149,38.59220100004407],[-90.48804600001515,38.59639500020996],[-90.50191800022817,38.592651000233964],[-90.50636100024978,38.589643999992084],[-90.50660099955098,38.59271399965631],[-90.51167999960722,38.59286299984216],[-90.51436199983802,38.59085699990113],[-90.51985799964578,38.59317299989755],[-90.52920599964636,38.59286999999408],[-90.5293499995864,38.589887000013654],[-90.5292630004461,38.59300200012314],[-90.53769300037973,38.5929970003248],[-90.53819999964462,38.59018700029279],[-90.54401500019293,38.591101999721516],[-90.5433950000518,38.59299199982399],[-90.5469359999,38.592964999781664],[-90.54777699997405,38.59115400010319],[-90.54864099961432,38.59292099997698],[-90.54932000020497,38.591225000293385],[-90.57404500011636,38.59202500019481],[-90.57409500034508,38.59013800019245],[-90.57575900005152,38.590129999914915],[-90.57571300002074,38.59273199998262],[-90.57816699974761,38.592724999817236],[-90.57885200018605,38.59011900005855],[-90.58314600024475,38.589342999680376],[-90.58757699967248,38.592611000237646],[-90.59375700009376,38.591003000187094],[-90.59313500030284,38.58816499972267],[-90.5953449996322,38.58817300021911],[-90.59535399985303,38.590573000071856],[-90.60477999967142,38.58673600014052],[-90.6048840003268,38.5831789996778],[-90.6001380003565,38.58316299967782],[-90.6001390001814,38.58095699987955],[-90.60313199985852,38.580964999774594],[-90.60058299969711,38.57718800009379],[-90.60033800037304,38.571769000003016],[-90.60546900030782,38.56858300030843],[-90.60524599982674,38.56373400030614],[-90.60851499968837,38.56115500016703],[-90.60898300039183,38.56001500015185]]]}},{"type":"Feature","properties":{"zip":"63304"},"geometry":{"type":"Polygon","coordinates":[[[-90.79698600014382,38.72425299998371],[-90.79704100039541,38.722910000157476],[-90.78994000043245,38.72264999982305],[-90.78417699976266,38.724729999838594],[-90.78068299977015,38.72997799972451],[-90.7752370001911,38.72904600015964],[-90.78189999958785,38.71890000027921],[-90.77930000027112,38.712949999958944],[-90.77521999957436,38.71073999998474],[-90.77520000038119,38.70724000016678],[-90.78470999986514,38.70725999973918],[-90.79219999999053,38.70280000008288],[-90.79367999957395,38.69558000034963],[-90.79673000005079,38.69468999970436],[-90.79688999988436,38.68121500031936],[-90.79060400005618,38.68131100018974],[-90.79060400005618,38.67910400006573],[-90.77858399987053,38.67910400006573],[-90.77843900010558,38.66629399982584],[-90.76872799988185,38.666005999725975],[-90.77007000027132,38.66138600009919],[-90.75990799996087,38.66292100029071],[-90.76130100040396,38.658634999799965],[-90.75374299960819,38.650429999737476],[-90.73590500029783,38.64391299981655],[-90.74241200005896,38.63456299977716],[-90.73395199998808,38.63910400027125],[-90.70581099990198,38.64725300002411],[-90.70279099956237,38.657497999656044],[-90.68167699981937,38.66428899976042],[-90.6769130003057,38.66862899990371],[-90.67582500035947,38.67590399994707],[-90.67245199984244,38.68179399966549],[-90.66031799985399,38.687727999740154],[-90.62575500039556,38.69052800011932],[-90.61191599979448,38.68437999972792],[-90.59479300016146,38.679856999680325],[-90.5683109997589,38.68393100002404],[-90.57273000038938,38.69522000027217],[-90.5754700003465,38.69502000006949],[-90.58141999971572,38.710460000164254],[-90.57747999965935,38.71214000016094],[-90.57570399979993,38.71564100001725],[-90.57876000012453,38.71537000030575],[-90.58023100038542,38.718203000255556],[-90.57633300016187,38.72323400001584],[-90.57678000005062,38.727259999963294],[-90.57408000027647,38.731239999727194],[-90.57962999961258,38.7376499998077],[-90.58100999963689,38.74489000033334],[-90.58635999985478,38.742419999664165],[-90.5839179998235,38.74829600025933],[-90.59138000035979,38.74739499990231],[-90.58787999962117,38.75021000021427],[-90.58659000000856,38.75712000000554],[-90.5995759999417,38.75604200014722],[-90.59964000041413,38.7586200002791],[-90.59769999962487,38.758660000078976],[-90.59932999989441,38.761660000328824],[-90.61166100042468,38.756006000268655],[-90.6082000000441,38.75177999974577],[-90.61567000007801,38.74969999990665],[-90.62443800012045,38.751077999657376],[-90.62305600044633,38.753685000251465],[-90.6252239999429,38.75647000011378],[-90.62342999964181,38.756702000306184],[-90.62500800003284,38.758837999687216],[-90.62401600034606,38.763108000192936],[-90.63184700005499,38.757547999812274],[-90.65247299990135,38.75179399982904],[-90.65402000033023,38.75441000001753],[-90.65809400028091,38.7535239998907],[-90.65876399975241,38.75717600033568],[-90.66115999975294,38.756822999696666],[-90.66252200023389,38.758959999965064],[-90.66550200039053,38.756018000230185],[-90.6679219997822,38.75784800016971],[-90.6719420002045,38.75445299978101],[-90.67537500009766,38.7547540002023],[-90.68350000043277,38.76360799965813],[-90.6879660000206,38.760107000285906],[-90.68248299973331,38.75104799977522],[-90.7002099996139,38.756929999808875],[-90.700244999774,38.75345399974242],[-90.67793000010684,38.74512399992654],[-90.69504000021938,38.7405990002481],[-90.69130000017957,38.734249999807325],[-90.68860999955284,38.73449000031845],[-90.68563000029452,38.73040000034063],[-90.69173199999969,38.72796700034429],[-90.68839299981785,38.72285900013681],[-90.69613900003628,38.71969000027594],[-90.69298999982526,38.714420000240814],[-90.69394399987722,38.71264200029512],[-90.71180899985006,38.716294000005064],[-90.72838099983724,38.724365999686185],[-90.74883000013162,38.74424399972124],[-90.78701700017723,38.74077299991098],[-90.78169399972352,38.739138000005404],[-90.79593599983241,38.73700099982685],[-90.79695500018168,38.72427900024739],[-90.79698600014382,38.72425299998371]]]}},{"type":"Feature","properties":{"zip":"63011"},"geometry":{"type":"Polygon","coordinates":[[[-90.64260900041506,38.58434599993736],[-90.61866799977798,38.58237900022903],[-90.59535399985303,38.590573000071856],[-90.5953449996322,38.58817300021911],[-90.59313500030284,38.58816499972267],[-90.59375700009376,38.591003000187094],[-90.58740199977028,38.592627000238856],[-90.58314600024475,38.589342999680376],[-90.57885200018605,38.59011900005855],[-90.57816699974761,38.592724999817236],[-90.57571300002074,38.59273199998262],[-90.57575900005152,38.590129999914915],[-90.57409500034508,38.59013800019245],[-90.57404500011636,38.59202500019481],[-90.54932000020497,38.591225000293385],[-90.54864099961432,38.59292099997698],[-90.54777699997405,38.59115400010319],[-90.5469359999,38.592964999781664],[-90.5433950000518,38.59299199982399],[-90.54401500019293,38.591101999721516],[-90.53819999964462,38.59018700029279],[-90.53769300037973,38.5929970003248],[-90.5292630004461,38.59300200012314],[-90.5293499995864,38.589887000013654],[-90.52920599964636,38.59286999999408],[-90.51985799964578,38.59317299989755],[-90.51436199983802,38.59085699990113],[-90.51167999960722,38.59286299984216],[-90.50660099955098,38.59271399965631],[-90.50636100024978,38.589643999992084],[-90.50191800022817,38.592651000233964],[-90.48804600001515,38.59639500020996],[-90.4782789997149,38.59220100004407],[-90.47770999962741,38.5935530002003],[-90.47995300036538,38.598844999969366],[-90.48319899976248,38.59660399998602],[-90.48814200027459,38.59662400027865],[-90.48881400029425,38.59827799964913],[-90.48989399984458,38.60421300031739],[-90.48551199992232,38.606036000340104],[-90.48502599967553,38.61250600028067],[-90.48738700041427,38.62448099998484],[-90.49046999960476,38.624074999741616],[-90.49045299988632,38.62632299980419],[-90.49818400003615,38.626361999902635],[-90.49557499960027,38.62182300031625],[-90.49878999993355,38.6207059998657],[-90.50091700032056,38.62398199990686],[-90.50516299980035,38.62180400014799],[-90.50630699982311,38.623155999885164],[-90.51068000042284,38.62091999968502],[-90.5116289995536,38.61682500004626],[-90.5134170000069,38.62106900026774],[-90.52022599989182,38.61762500027653],[-90.52324899970615,38.62199400019994],[-90.5307709996186,38.620338999872914],[-90.53145500023213,38.624545999701404],[-90.53866099977705,38.62458199982141],[-90.53537600002191,38.62039999997892],[-90.53995399976273,38.61514399985757],[-90.5385290004309,38.61294599989159],[-90.54124599992348,38.61297999973326],[-90.54124699974841,38.614800000275515],[-90.55720600016548,38.61059199987799],[-90.55726600043995,38.619606000018855],[-90.5593479997228,38.61966800019601],[-90.55952799964787,38.62345299977508],[-90.56672300022046,38.62448699977757],[-90.56686899981034,38.61477899991707],[-90.57843399971131,38.61645300027964],[-90.57911400012686,38.61224600023124],[-90.5739980002607,38.61224300017387],[-90.57583299967136,38.60787699971734],[-90.58232899956182,38.608497000073065],[-90.58234000033079,38.604857999819785],[-90.60253699983176,38.60482999967229],[-90.6076510000481,38.60731599967779],[-90.61361200018628,38.6073370001149],[-90.61337700000963,38.61959200001672],[-90.62152300026113,38.621416999763476],[-90.62303899982957,38.63097000008385],[-90.62606400019205,38.62693100016823],[-90.62652199995145,38.6198870003361],[-90.62163700006396,38.61987200024205],[-90.62193300033996,38.60878700029125],[-90.62665300037101,38.60888099977156],[-90.62691299976369,38.601487999768786],[-90.64108700010054,38.60077899974162],[-90.63936599959439,38.5944979998356],[-90.64254800031568,38.58450699988717],[-90.64260900041506,38.58434599993736]],[[-90.63877499976559,38.58619199980844],[-90.63887199984995,38.586219000291294],[-90.63866599998565,38.586409999698056],[-90.63839200034926,38.58660600024487],[-90.63818200028697,38.5867389998599],[-90.63804500001963,38.58677499999309],[-90.63762200042032,38.58677499999309],[-90.63733600019005,38.58674400009403],[-90.63722900005993,38.58672299995092],[-90.63706900022636,38.58641699977695],[-90.63695000040067,38.58645100025079],[-90.63658399980447,38.586565999689505],[-90.63650500016176,38.58659200012324],[-90.6362690001602,38.586657999669626],[-90.6360649999457,38.586714999995074],[-90.63599100032586,38.58672800018617],[-90.63591900035583,38.586735000234064],[-90.63577399969256,38.5867389998599],[-90.63562999975252,38.58672599967079],[-90.6355589996074,38.586713000181526],[-90.6354599998732,38.58668599988446],[-90.63542600043634,38.58667700001724],[-90.63510300039614,38.586546000105635],[-90.63487999991506,38.58645599980279],[-90.63493299961853,38.58635700018194],[-90.63504800014456,38.58629099965676],[-90.63516000029756,38.58627199990921],[-90.63526400005463,38.58625300015669],[-90.63573600005773,38.58625900033775],[-90.63598999960263,38.586262000077056],[-90.63622200030453,38.58623700013943],[-90.63636899971931,38.58618800015215],[-90.63653299975084,38.58611699989633],[-90.63669400030763,38.58608399988213],[-90.63688199973029,38.58610899987302],[-90.63697799998977,38.58619899990858],[-90.63706900022636,38.58641699977695],[-90.63730900042587,38.586346999659426],[-90.63741300018296,38.58631800010234],[-90.63781499986585,38.58619199980844],[-90.63797499969942,38.58615999974317],[-90.6380569997152,38.58614999989542],[-90.63822099974672,38.58614399970519],[-90.63840300021991,38.58615300034142],[-90.63860099968831,38.586164000103224],[-90.63868000022934,38.58617300003475],[-90.63877499976559,38.58619199980844]]]}},{"type":"Feature","properties":{"zip":"63040"},"geometry":{"type":"Polygon","coordinates":[[[-90.67026400025436,38.56934400013292],[-90.6668720003691,38.56411999967251],[-90.64378900042283,38.555427000073756],[-90.63645499993304,38.56556999970357],[-90.63275099987823,38.564843000113086],[-90.63276199974887,38.563427999826565],[-90.61771999957382,38.56444799987029],[-90.61224200020773,38.57002099992121],[-90.60236699995244,38.574328999778274],[-90.60058299969711,38.57718800009379],[-90.60313199985852,38.580964999774594],[-90.6001390001814,38.58095699987955],[-90.6001380003565,38.58316299967782],[-90.6048840003268,38.5831789996778],[-90.60415200003271,38.588075000044675],[-90.61939500004922,38.582284999745596],[-90.65544100036242,38.58553900030504],[-90.65484399978754,38.57533099982219],[-90.6616219997103,38.573880000031586],[-90.66053799996202,38.56915899979479],[-90.6696750000754,38.56933199975338],[-90.67026400025436,38.56934400013292]]]}},{"type":"Feature","properties":{"zip":"63005"},"geometry":{"type":"Polygon","coordinates":[[[-90.74609500019737,38.622977999943],[-90.74207200030034,38.62250899973025],[-90.74206899992728,38.6151409999214],[-90.74398999955164,38.615152999665355],[-90.74399600029777,38.612942000322086],[-90.7420630000795,38.61293500002198],[-90.74203100029244,38.607843999877744],[-90.73288199958517,38.60795000013827],[-90.73287900011044,38.60061400021791],[-90.714197000353,38.612467999916475],[-90.71390299972681,38.60871000021447],[-90.7114309995583,38.60676800023812],[-90.71394299990979,38.607047999977695],[-90.7103889996428,38.60534300029077],[-90.71224499986816,38.60422499978315],[-90.70425900034853,38.5962199998858],[-90.69430600027546,38.59591299968646],[-90.68848200040463,38.588069000015345],[-90.66361100000506,38.60043099981747],[-90.66910299961486,38.60571399975976],[-90.66768800032878,38.607379999887684],[-90.67071000031821,38.60706800016794],[-90.67534800033349,38.61655899975306],[-90.67296499985343,38.62255300034448],[-90.66321099997198,38.63480400009368],[-90.65535099995074,38.6186030000194],[-90.65317000003536,38.62013099988088],[-90.65021400016816,38.61705800024199],[-90.64758600036406,38.62002299978206],[-90.64077400010609,38.61991199978396],[-90.64083299965732,38.616326000042136],[-90.63254099981594,38.61532800014843],[-90.63389999992384,38.61678599967445],[-90.63278900041138,38.61934500028159],[-90.63667900023903,38.620199999897885],[-90.63421100026846,38.62910699996774],[-90.631482000182,38.632350000277334],[-90.6233440003264,38.632532999963345],[-90.62152300026113,38.621416999763476],[-90.61337700000963,38.61959200001672],[-90.61361200018628,38.6073370001149],[-90.6076510000481,38.60731599967779],[-90.60253699983176,38.60482999967229],[-90.58568899966005,38.6048519997891],[-90.58559499994871,38.614900000193494],[-90.58058299983962,38.62709700027436],[-90.57195999956214,38.636253000169965],[-90.57230900043992,38.64371600021349],[-90.57834699967266,38.648945999991426],[-90.57580199970921,38.64988999991358],[-90.57612999977229,38.65462900014935],[-90.57268400035865,38.656011999721756],[-90.57245099983183,38.66078899973615],[-90.57953699972617,38.66025999976302],[-90.57853099979567,38.66202500010936],[-90.58138700010375,38.66254500020191],[-90.57967599964334,38.66490700011576],[-90.57186699967573,38.66528399994119],[-90.57206300039262,38.683788000139025],[-90.59595499972758,38.67991700031465],[-90.61193599988597,38.68438700006334],[-90.62164299991174,38.68965999975955],[-90.63264700012115,38.69107799986293],[-90.6629249997417,38.68698599993141],[-90.67245199984244,38.68179399966549],[-90.67582500035947,38.67590399994707],[-90.6769130003057,38.66862899990371],[-90.68167699981937,38.66428899976042],[-90.70223300024385,38.65797700000621],[-90.70461599982559,38.65470600002907],[-90.70417399995972,38.649155000317144],[-90.70817000009258,38.64584500022084],[-90.73232799956631,38.63930199979804],[-90.73303499974605,38.63637499991939],[-90.74598600041742,38.62321500020223],[-90.74609500019737,38.622977999943]]]}},{"type":"Feature","properties":{"zip":"63138"},"geometry":{"type":"Polygon","coordinates":[[[-90.23874700033198,38.77216299974081],[-90.23873599956303,38.770633999886336],[-90.22465800038397,38.7704510002643],[-90.20503099989709,38.7672040001836],[-90.18451100035591,38.767582000325994],[-90.17258900007957,38.76444200000581],[-90.16636400035075,38.77267500014474],[-90.13025399956514,38.79252299989643],[-90.11942400033132,38.80181100025056],[-90.11770700002312,38.80574800004803],[-90.12460999961938,38.81985799995801],[-90.13854999960448,38.82862200014995],[-90.15516500014769,38.82982599965382],[-90.17650800021954,38.81879999979834],[-90.18669999976892,38.817997999752606],[-90.19923999963822,38.822216999793206],[-90.23563300028107,38.8422780000644],[-90.23250199961338,38.838826999853744],[-90.21872300018507,38.831972000326964],[-90.22899400027545,38.82818899983755],[-90.22513200003691,38.821856000243486],[-90.22901299964371,38.81753300033455],[-90.23131900013088,38.819995000283235],[-90.22854499983858,38.812908000091305],[-90.22792399987256,38.80185299974249],[-90.23873999976098,38.77235199988146],[-90.23874700033198,38.77216299974081]]]}},{"type":"Feature","properties":{"zip":"63033"},"geometry":{"type":"Polygon","coordinates":[[[-90.32071199976721,38.78777099973605],[-90.31866700029428,38.78511499967373],[-90.31977699998184,38.78453399981921],[-90.3144450002056,38.78060399967549],[-90.31347899955978,38.776750000153946],[-90.31160300014123,38.77668199979244],[-90.31163400010337,38.77436200003201],[-90.30762799992476,38.77266300018275],[-90.2670640001452,38.77095600008712],[-90.2696760000558,38.77311599979687],[-90.26962099980422,38.77539399981566],[-90.2654730002337,38.77585600021415],[-90.26702099958919,38.7792759996742],[-90.25494900042331,38.7787540001526],[-90.25492299958574,38.78718899990832],[-90.2487809996976,38.78731499965318],[-90.24794499964644,38.78548100022725],[-90.24160199991684,38.78722600006769],[-90.23895999986901,38.7841040002289],[-90.23429900028752,38.78537600008842],[-90.22816900009492,38.80066000025597],[-90.22858300037173,38.81308000002993],[-90.23237000026721,38.81589199981381],[-90.23688899955849,38.815494999745674],[-90.2380939996806,38.812162000051295],[-90.24074800032231,38.81521899998288],[-90.25043899955625,38.81327299977993],[-90.25204799990941,38.814580000071636],[-90.25096800035908,38.81771799986465],[-90.25345300004807,38.8188110002275],[-90.26143100007009,38.81048499999436],[-90.27780700023871,38.81059500025295],[-90.28471800023087,38.80822499978616],[-90.29688099963332,38.81992699987888],[-90.31059499966261,38.821834999748035],[-90.31807399991735,38.8121829998994],[-90.31850200043785,38.79733300028402],[-90.3148539995612,38.79526000021033],[-90.32057799987291,38.787941000341135],[-90.32071199976721,38.78777099973605]]]}},{"type":"Feature","properties":{"zip":"63126"},"geometry":{"type":"Polygon","coordinates":[[[-90.39840800015641,38.5592979999359],[-90.39805800035204,38.5444699998394],[-90.3916200001879,38.54567899975122],[-90.38919499987504,38.54425000026388],[-90.38937200032537,38.53660399971253],[-90.38069799999425,38.529354000049736],[-90.36146899989062,38.5252040003038],[-90.3613750001793,38.5425949997673],[-90.36621300021112,38.54406999966348],[-90.36055500002165,38.55170100009497],[-90.362924000258,38.55651700031791],[-90.3691330000933,38.56040700005748],[-90.36749899962577,38.56335400025869],[-90.36959400022575,38.56331400009983],[-90.3759629998946,38.573161000301596],[-90.38369300021951,38.572154999753],[-90.3936760004298,38.56770700019876],[-90.39797200013832,38.55927999965916],[-90.39840800015641,38.5592979999359]]]}},{"type":"Feature","properties":{"zip":"63385"},"geometry":{"type":"Polygon","coordinates":[[[-90.93372100038081,38.81821699981761],[-90.9336009998319,38.81122300001631],[-90.90599600022132,38.8048539996838],[-90.91542000038987,38.80629199986178],[-90.915407999796,38.803298999854874],[-90.91081300033673,38.80323299968132],[-90.91077099960562,38.79600200025608],[-90.91456099987415,38.79488000012287],[-90.91783800013171,38.79695900008505],[-90.91885999995573,38.794165000131585],[-90.92477099986519,38.79622000025071],[-90.92475699962148,38.79332099969343],[-90.9278699998475,38.79335400017701],[-90.9279669999319,38.795900000273704],[-90.929424999774,38.79590499991247],[-90.93025199960432,38.789010000314335],[-90.91092999961428,38.78876000006737],[-90.90830000016032,38.77825000024906],[-90.90222000019648,38.773710000121405],[-90.9011099996106,38.76039999979597],[-90.89646999994551,38.760189999762396],[-90.89665400006852,38.74693499971262],[-90.92447899978714,38.74633799993177],[-90.92466799993302,38.738214999895085],[-90.91543999958303,38.73822799994],[-90.91548999981174,38.73508000007403],[-90.91273999980889,38.73508000007403],[-90.90965500007027,38.72579199970173],[-90.91078800022238,38.72021899973845],[-90.92485799990381,38.71978900013799],[-90.92481299969798,38.71606100008753],[-90.92046699976073,38.7160759996689],[-90.92052399966215,38.71236400002804],[-90.91126699989817,38.71237800012785],[-90.91138499989894,38.70859900009573],[-90.91585399985982,38.70858300003691],[-90.91589999989058,38.699329999865554],[-90.91224100004162,38.69945899971149],[-90.91138499989894,38.693689999711886],[-90.91717100013493,38.69349099995971],[-90.90852500029122,38.69184799983247],[-90.90440199993675,38.69564100021046],[-90.9014960002983,38.69337200019223],[-90.89709599993438,38.693514999853484],[-90.89661999973332,38.69119000027159],[-90.8919290000146,38.6960760002617],[-90.88821499991403,38.696035999763],[-90.89268499969984,38.70158999999987],[-90.88809500026345,38.70166499973693],[-90.88803699963881,38.70433499970098],[-90.88495899957289,38.70422599995816],[-90.88328399999581,38.70823899965857],[-90.88819999984544,38.708699000207],[-90.88182100013083,38.70917800003421],[-90.8811290000197,38.71187300015033],[-90.8785100004364,38.71221999994373],[-90.87829000032838,38.71079999995377],[-90.86947999955483,38.71349999971283],[-90.86947999955483,38.71552000023162],[-90.86016099986657,38.71389899969844],[-90.86014099977508,38.7153500001984],[-90.84541199959445,38.71535099971325],[-90.83999600015265,38.72273799995589],[-90.83424699972659,38.72273099986963],[-90.82933900027287,38.72214199986849],[-90.83000000042186,38.71363699974643],[-90.82776799955454,38.71367599997398],[-90.82706999959564,38.71699499979147],[-90.82485900044134,38.716823000072445],[-90.82476999985457,38.71533799971075],[-90.81984099958615,38.71525799991282],[-90.81984800015717,38.71167099972118],[-90.81715300040588,38.71160400000797],[-90.81489999962217,38.72250999989803],[-90.81055500040816,38.722537000210274],[-90.81201800027314,38.720765999909936],[-90.80770599977279,38.72019199995212],[-90.80793400027673,38.71835299984319],[-90.80152700007473,38.719648000059415],[-90.79704100039541,38.722910000157476],[-90.79593599983241,38.73700099982685],[-90.80184900029,38.73700799991639],[-90.79967000002445,38.739789999807364],[-90.79286000031462,38.74122399977775],[-90.7936689997033,38.74285799973862],[-90.80058200024361,38.743122999934876],[-90.80125300043835,38.7465100000637],[-90.80581199991259,38.74936699982497],[-90.8096630002805,38.74773100006249],[-90.81052400044602,38.74269700018349],[-90.8145149996577,38.74441399967458],[-90.81469100028312,38.74647200002134],[-90.81961499963035,38.74644000004372],[-90.81921200012253,38.75695699972019],[-90.82195399972946,38.761248000143105],[-90.84307400021856,38.76668899984429],[-90.84303200038578,38.77254800032845],[-90.83677199959853,38.77224100000408],[-90.83679800043612,38.78130399994428],[-90.83436300007754,38.781306999921654],[-90.83380999988357,38.785640000042996],[-90.83532700017523,38.78886699989668],[-90.83114799974426,38.788945999981706],[-90.83148199965511,38.796078000079405],[-90.82657500002631,38.79594300023602],[-90.82744500041268,38.788474999934756],[-90.8212449998999,38.787767000128774],[-90.81728099955409,38.79041999982698],[-90.81733800035381,38.79225199995127],[-90.8218299998809,38.792303999958655],[-90.82185400017036,38.795980000052616],[-90.81667399983178,38.79594899965882],[-90.8166139995573,38.803433999764856],[-90.8082620003398,38.8034880000773],[-90.80781000042816,38.80536999989094],[-90.77970500032707,38.80447400034907],[-90.80805800012529,38.80949200033185],[-90.8020459999335,38.8088499999246],[-90.79745800014693,38.817202999695894],[-90.79586300003749,38.81526999981418],[-90.79142400021382,38.816112999763845],[-90.79068400042212,38.81482700007406],[-90.78987500013513,38.816815999779415],[-90.7861500001639,38.81762499971832],[-90.78316599980931,38.81465399992987],[-90.77633299963496,38.81418599968338],[-90.77520600022896,38.81588799968485],[-90.77983599984832,38.819412999744856],[-90.76578100023549,38.81898800002782],[-90.76166700010184,38.825355999775034],[-90.76218699978553,38.8269029998786],[-90.76906000014287,38.82854399999237],[-90.76753600017852,38.84661199987621],[-90.79307000037691,38.8487200000929],[-90.7956749997165,38.855459999766666],[-90.80057700022073,38.85582300026802],[-90.80245400036249,38.85897099965461],[-90.80269600021184,38.866537000233606],[-90.81395399996615,38.878339999814315],[-90.81968699960035,38.875756999865786],[-90.82698199973208,38.87896399973277],[-90.83044999978534,38.877949000020536],[-90.83659400022162,38.88411799979796],[-90.8381779995621,38.88284099999594],[-90.83472700012561,38.881326000340025],[-90.8354309999323,38.879968000267],[-90.8387960000534,38.87936899973983],[-90.83915199970555,38.88142599965834],[-90.8444919998777,38.88407200009572],[-90.8513009997626,38.88357400034863],[-90.85046300006162,38.88014599971432],[-90.85528000017703,38.884758999679136],[-90.86047499968592,38.88180200019911],[-90.8640149997092,38.887741000071344],[-90.87983699985895,38.88860399999601],[-90.883530999868,38.88664400014042],[-90.89246299994198,38.88645700025912],[-90.89250200030004,38.884355000269714],[-90.89507900005054,38.88439999984511],[-90.89520299989911,38.871619000279324],[-90.89341299979597,38.871087999863825],[-90.90271099956784,38.87025499989287],[-90.90279699978156,38.86471200004335],[-90.89512699973112,38.86467100007703],[-90.89515100002058,38.862635000298084],[-90.88656399972808,38.86641500012073],[-90.88523599958232,38.86549699966569],[-90.8893949999218,38.8612119997924],[-90.8876900002075,38.85822999977596],[-90.88335900033887,38.8618289999665],[-90.88812399967745,38.856623999849184],[-90.88590599995216,38.851490999963005],[-90.89962199963126,38.8533840001829],[-90.89836899982858,38.8502520002407],[-90.89255800037654,38.85173000020555],[-90.89091499968818,38.84752600021329],[-90.89666400011426,38.84541099965218],[-90.89673500025938,38.84323900020014],[-90.90126799979434,38.84321699989226],[-90.9013420003125,38.83771799977862],[-90.90352900007566,38.83961500004439],[-90.90718000042702,38.83883000020845],[-90.90412900012528,38.830925000281574],[-90.90591699968027,38.830927000273576],[-90.90593000009908,38.82172600017652],[-90.90987000015542,38.82180500022934],[-90.91010500033208,38.819315999775874],[-90.90595600003834,38.81940899981366],[-90.91342799972206,38.81807799991834],[-90.91977700019775,38.81918300018815],[-90.91882200032089,38.825243999767295],[-90.93330700010404,38.82551500020823],[-90.93347699998333,38.81821200034459],[-90.93372100038081,38.81821699981761]]]}},{"type":"Feature","properties":{"zip":"63368"},"geometry":{"type":"Polygon","coordinates":[[[-90.80177800014489,38.73714199999701],[-90.7821430001604,38.738362999727364],[-90.78197199955785,38.740164999805216],[-90.78701700017723,38.74077299991098],[-90.78001999997134,38.742025999791],[-90.74883000013162,38.74424399972124],[-90.72838099983724,38.724365999686185],[-90.71180899985006,38.716294000005064],[-90.69394399987722,38.71264200029512],[-90.69298999982526,38.714420000240814],[-90.69613900003628,38.71969000027594],[-90.68839299981785,38.72285900013681],[-90.69173199999969,38.72796700034429],[-90.68563000029452,38.73040000034063],[-90.68860999955284,38.73449000031845],[-90.69130000017957,38.734249999807325],[-90.69504000021938,38.7405990002481],[-90.67793000010684,38.74512399992654],[-90.700244999774,38.75345399974242],[-90.70014000019202,38.75694000034799],[-90.68248299973331,38.75104799977522],[-90.68679400040877,38.75990200015247],[-90.69198700026782,38.76163100025929],[-90.69351000040727,38.75969599983521],[-90.69617800039435,38.76228299989494],[-90.69536499990939,38.76903700023206],[-90.685903000106,38.76896400009466],[-90.6859249998473,38.776287999943854],[-90.69042399994541,38.77632500015736],[-90.69041200024985,38.78028799965198],[-90.69339999990409,38.778830000156916],[-90.69398700043322,38.776385999729186],[-90.6952739996728,38.77641299998227],[-90.69469500043789,38.78010800031568],[-90.72093000006991,38.77841000011521],[-90.72527000015937,38.773660000058406],[-90.72963000034031,38.77273999978671],[-90.7375499997377,38.773169999967116],[-90.73737099963755,38.77870900026849],[-90.74193800040604,38.77876100034989],[-90.74190700044387,38.78062699972448],[-90.75589199973653,38.78145200007754],[-90.75688099994856,38.777601000297324],[-90.7652899999658,38.77766799973918],[-90.7654020001188,38.7734600001561],[-90.77006000022557,38.77376399984196],[-90.76972999961437,38.7661400000294],[-90.77791000020106,38.76592899986981],[-90.77801200030832,38.76017200017105],[-90.78504999962377,38.76169199978806],[-90.78417000008999,38.75576999991485],[-90.78194099959572,38.754756999895214],[-90.77975100035782,38.749514999663795],[-90.78322500025887,38.74914299965569],[-90.78253999982043,38.74524000033878],[-90.79917000043226,38.74000999970853],[-90.80145799957944,38.73774000018908],[-90.80177800014489,38.73714199999701]]]}},{"type":"Feature","properties":{"zip":"63132"},"geometry":{"type":"Polygon","coordinates":[[[-90.40897200014976,38.6932229998978],[-90.4045800001818,38.6866340001113],[-90.40481700000825,38.675151000121126],[-90.40151499963633,38.674142999824205],[-90.40147500035168,38.67704200033948],[-90.39474400028458,38.676989999807695],[-90.39521600028769,38.66106699984638],[-90.34983399966946,38.661042000019386],[-90.3478579997935,38.66601999978197],[-90.34789100030378,38.671924999655076],[-90.35009499978536,38.67182799969635],[-90.3502370000756,38.6733289998117],[-90.3481390000009,38.675366000167855],[-90.34783799970201,38.68307000003549],[-90.35317200002639,38.682972999752366],[-90.36231699963737,38.67725600026928],[-90.36230099974384,38.68176300015712],[-90.36808500033001,38.68361299990076],[-90.36108499975107,38.684491000157415],[-90.36212500001675,38.68798999996822],[-90.39495199979874,38.69205100001196],[-90.40871600005673,38.69632200006731],[-90.40895999955589,38.69340000011405],[-90.40897200014976,38.6932229998978]]]}},{"type":"Feature","properties":{"zip":"63012"},"geometry":{"type":"Polygon","coordinates":[[[-90.51761800017918,38.328475999858995],[-90.5136699997269,38.32746000023864],[-90.51373900022219,38.325231000216185],[-90.49675600033125,38.32487099998997],[-90.4981249995866,38.324324999664306],[-90.49821800037132,38.3158210002553],[-90.50429099976418,38.314575000200335],[-90.49714999961823,38.31025999979122],[-90.4434080002849,38.30733300002752],[-90.43372899984821,38.30718500006479],[-90.43344000014321,38.30880999994611],[-90.43173000040602,38.30387000006277],[-90.4247099997356,38.29985000010899],[-90.41901999975909,38.29969000022569],[-90.4140999997115,38.30250000021225],[-90.40608300022973,38.30110299967827],[-90.40537000020221,38.29185000025603],[-90.4080399998391,38.28643000012287],[-90.40433199958635,38.29119499975997],[-90.40584999970291,38.29817999994236],[-90.40246100019068,38.3070170001412],[-90.40089500039355,38.32366100029857],[-90.39596000027734,38.31756999986931],[-90.39095300019113,38.31762899984726],[-90.39059499999084,38.323416999691204],[-90.38810299973085,38.32338099969382],[-90.38740800014496,38.32039000006872],[-90.38464999974619,38.3232900002863],[-90.37140500024526,38.32296899993831],[-90.37081900043934,38.33355400014267],[-90.37652299976125,38.334609000026376],[-90.37598800000896,38.33613800022692],[-90.3789339998304,38.33675800019977],[-90.3771959996058,38.338786999799616],[-90.37969700008664,38.33889699968317],[-90.38163299977964,38.342319000048306],[-90.38262199999168,38.33941600012811],[-90.38793299985153,38.34130200026057],[-90.38683800023257,38.34343500016961],[-90.38309900001767,38.34352100013467],[-90.38598600028787,38.34459899983339],[-90.38658799998733,38.347030999924804],[-90.38608400019717,38.35853000009834],[-90.39114399998684,38.35519799992113],[-90.39370900004177,38.348440000279226],[-90.3958799999114,38.34847999998569],[-90.39055900000582,38.35755499988026],[-90.39338199980362,38.360524000203746],[-90.39792399955942,38.36047099991138],[-90.3979350003284,38.35801099995647],[-90.40030899968932,38.35853800005373],[-90.40029699999374,38.36044200022674],[-90.40242500020567,38.35833500011898],[-90.4023769996268,38.36044500021892],[-90.4090299998761,38.360289999989305],[-90.41469999976113,38.354759999698665],[-90.43221099973165,38.36176100007238],[-90.45311899961033,38.364834000066],[-90.46110400020335,38.36406399982943],[-90.4600379999984,38.36089300000742],[-90.44900600019992,38.360656000298036],[-90.46054000013874,38.356990000315754],[-90.46758000000233,38.359940000249644],[-90.47718999994373,38.350660000240104],[-90.48224700025868,38.353155999892735],[-90.49555200003404,38.35390799975334],[-90.49542700036059,38.35765700009105],[-90.49162100019852,38.35813200031938],[-90.49153400015987,38.3676479998112],[-90.49936900006676,38.368591999842835],[-90.50080799964229,38.37249400001656],[-90.49794399983662,38.37722899970902],[-90.51352099976398,38.378160000272324],[-90.51406999975997,38.33264999987002],[-90.51437199988378,38.3302980001683],[-90.51727000002464,38.32860000014144],[-90.51761800017918,38.328475999858995]]]}},{"type":"Feature","properties":{"zip":"63136"},"geometry":{"type":"Polygon","coordinates":[[[-90.28547899993896,38.71141899991939],[-90.26108200009062,38.69853499975562],[-90.24947500035687,38.70682099977699],[-90.25579100032229,38.71376399994205],[-90.2517449999607,38.71888700022131],[-90.23965199998014,38.72384299996589],[-90.24142700001464,38.73391799980317],[-90.23824299964352,38.7507719998475],[-90.23870700014902,38.773342999977814],[-90.23429900028752,38.78537600008842],[-90.23895999986901,38.7841040002289],[-90.24160199991684,38.78722600006769],[-90.24794499964644,38.78548100022725],[-90.2487809996976,38.78731499965318],[-90.25492299958574,38.78718899990832],[-90.25494900042331,38.7787540001526],[-90.26702099958919,38.7792759996742],[-90.2654730002337,38.77585600021415],[-90.26962099980422,38.77539399981566],[-90.2696760000558,38.77311599979687],[-90.2670640001452,38.77095600008712],[-90.28199599981708,38.76984900029258],[-90.27974999960439,38.755219000138375],[-90.28469099956838,38.75396900032886],[-90.28040400008068,38.75285299966772],[-90.28121599984242,38.747675999792165],[-90.27849199977882,38.739765000157945],[-90.28035800004993,38.73463099983974],[-90.2806800002652,38.718151999679215],[-90.28546200022053,38.71144499994556],[-90.28547899993896,38.71141899991939]]]}},{"type":"Feature","properties":{"zip":"63123"},"geometry":{"type":"Polygon","coordinates":[[[-90.36938199961531,38.56186400020746],[-90.362924000258,38.55651700031791],[-90.36055500002165,38.55170100009497],[-90.36621300021112,38.54406999966348],[-90.3613750001793,38.5425949997673],[-90.36146899989062,38.5252040003038],[-90.3441549995636,38.52029300014699],[-90.34236600018369,38.51462099990681],[-90.33615499980027,38.51170099983138],[-90.33376100034788,38.517423999747976],[-90.31939200001736,38.52485500032707],[-90.30396200040312,38.54018599966269],[-90.28028899955466,38.55172899988504],[-90.27015200025686,38.55304900029459],[-90.27233399999714,38.556205000139535],[-90.27810500016453,38.55643100023283],[-90.28460199987991,38.56072299993026],[-90.2939919997133,38.56281700011502],[-90.3057929996158,38.573052000347325],[-90.31286199979172,38.58707900024251],[-90.33977600001441,38.56815499972896],[-90.35064799997933,38.56600800007158],[-90.35058799970487,38.564544999757594],[-90.3549119999008,38.56553800028405],[-90.36908299986457,38.561992999677756],[-90.36938199961531,38.56186400020746]]]}},{"type":"Feature","properties":{"zip":"63135"},"geometry":{"type":"Polygon","coordinates":[[[-90.3250970000625,38.763681999911746],[-90.31884999969407,38.76217400028248],[-90.31894799960335,38.75414699972731],[-90.31723799986618,38.751517000273886],[-90.31898100011362,38.75187499975636],[-90.3188100004094,38.73133399974479],[-90.31396800017963,38.73297300018779],[-90.31325699980192,38.73082799986073],[-90.2985770000251,38.72958299987156],[-90.30082900008561,38.722293999836154],[-90.29760000040694,38.72225100032999],[-90.29758799981308,38.720034000219286],[-90.29711699963487,38.72259599997456],[-90.29962800016145,38.72295600029608],[-90.29750499997238,38.725917999956515],[-90.29335200037902,38.72588800001614],[-90.2930569999279,38.7273729998159],[-90.2925840000999,38.72507899974722],[-90.28992299978549,38.72504800007535],[-90.28989799967113,38.727324000273875],[-90.28050899966267,38.72730199991076],[-90.27849199977882,38.739765000157945],[-90.28121599984242,38.747675999792165],[-90.27992399968166,38.74993199968507],[-90.28040400008068,38.75285299966772],[-90.28469099956838,38.75396900032886],[-90.27974999960439,38.755219000138375],[-90.28047000020291,38.767502999685426],[-90.28204000019801,38.768574999791724],[-90.27996999971242,38.77115800027589],[-90.30762799992476,38.77266300018275],[-90.30522600007646,38.76999699968387],[-90.31178399989119,38.766702999804764],[-90.31278200032409,38.76827800023006],[-90.31480599988063,38.76760800022511],[-90.31573700036635,38.77124500003886],[-90.32369799977162,38.771955999679236],[-90.32509100021473,38.763721000137586],[-90.3250970000625,38.763681999911746]]]}},{"type":"Feature","properties":{"zip":"63146"},"geometry":{"type":"MultiPolygon","coordinates":[[[[-90.53799100030555,38.68904199993223],[-90.53926900022262,38.68807799999549],[-90.52275199958869,38.68762500004616],[-90.52223600010298,38.693013000047685],[-90.51817300002295,38.69273400005436],[-90.51750600002619,38.6953810002464],[-90.5123170003651,38.694978999881734],[-90.50721900004227,38.689963000205935],[-90.49895999981285,38.692406999868375],[-90.49408300032128,38.68485200017414],[-90.48820199965073,38.682274000157285],[-90.47664199977264,38.68291600018253],[-90.47417399980209,38.680557999744316],[-90.47408599993854,38.68491400000737],[-90.47191500006892,38.68469300023192],[-90.4711540003608,38.679218000323516],[-90.46571899975409,38.6787840001804],[-90.45829399992603,38.67443499980096],[-90.44705600026322,38.67163000028363],[-90.4458300002247,38.675784999681994],[-90.44144999995227,38.67395999980082],[-90.43621000023757,38.67568100026072],[-90.43249399958887,38.67179700007947],[-90.42863200024863,38.67268100008593],[-90.43015899968769,38.674804000001345],[-90.428757999747,38.67538799968281],[-90.42727599961545,38.673295999938176],[-90.41837799987667,38.67541999992155],[-90.41678000029248,38.673171999724985],[-90.4135509997155,38.67313100034251],[-90.41346200002704,38.67733200031977],[-90.40628800026916,38.67633100030097],[-90.4041080001787,38.678661999711565],[-90.4046310002354,38.686835999745675],[-90.40875100021684,38.69222699978424],[-90.40871600005673,38.69632200006731],[-90.41426799994099,38.697471999655264],[-90.42162699964682,38.707068999738794],[-90.43392499966679,38.70656200013668],[-90.43765899985883,38.70856899989485],[-90.44484299966247,38.70221399967927],[-90.44974000014383,38.70394999996286],[-90.45053900038508,38.69815100009578],[-90.45423900024194,38.697476000116616],[-90.45340999986345,38.700419999946725],[-90.45669600034184,38.70141799967025],[-90.4568410001068,38.70510999966115],[-90.46038299977991,38.70532999980167],[-90.46025200025865,38.70989699986201],[-90.46859799962839,38.707041000261015],[-90.46858000008505,38.70441499980523],[-90.47238299987406,38.705700999818156],[-90.4793569996154,38.72101200028275],[-90.48697200031259,38.72957899980511],[-90.49790899967653,38.7264259996977],[-90.4976950003146,38.7328520003167],[-90.50298600008294,38.736547000160996],[-90.5063339995873,38.743544999962445],[-90.52403299987878,38.73572600020061],[-90.533503999903,38.72855599998431],[-90.53454300034379,38.723731000235716],[-90.53101900021403,38.70543600030322],[-90.53279500007345,38.69575100020737],[-90.53737399963919,38.689719000014186],[-90.53799100030555,38.68904199993223]]],[[[-90.44198200022984,38.67371699984001],[-90.43853699974281,38.67098800001547],[-90.43540900034648,38.67127199989159],[-90.43625000042053,38.67525300016184],[-90.44122200034664,38.673818999820135],[-90.44198200022984,38.67371699984001]]]]}},{"type":"Feature","properties":{"zip":"63131"},"geometry":{"type":"Polygon","coordinates":[[[-90.49045299988632,38.62632299980419],[-90.49046999960476,38.624074999741616],[-90.48738700041427,38.62448099998484],[-90.48502599967553,38.61250600028067],[-90.48551199992232,38.606036000340104],[-90.48989399984458,38.60421300031739],[-90.48814200027459,38.59662400027865],[-90.48315899957952,38.59661099977311],[-90.48084299994493,38.598917000012676],[-90.47954300028655,38.596103999985395],[-90.46748899976575,38.59688499983098],[-90.46821900041003,38.59145999974974],[-90.466817999571,38.589533000038],[-90.46879400034528,38.58747000006156],[-90.4627629998869,38.58853799997862],[-90.46712999974054,38.585311999839526],[-90.46570700005853,38.58107299967484],[-90.46142899989336,38.583044999831436],[-90.46155299974193,38.57991200031239],[-90.447871000398,38.581630999849274],[-90.44972000005237,38.59675700029283],[-90.42526100027975,38.59646499965854],[-90.42525500043195,38.606594000265645],[-90.41574000002679,38.6064690000896],[-90.41580199995109,38.6037020000874],[-90.40146699995576,38.60353599988909],[-90.40115599961115,38.61825599967272],[-90.40594799961221,38.618348999914105],[-90.40544800002002,38.647688999989576],[-90.44341199958454,38.64809000033828],[-90.44350100017131,38.638649999964606],[-90.44952099986072,38.63902500000262],[-90.45169900030137,38.62695099972792],[-90.45083700031091,38.635630999887454],[-90.45694900006183,38.63830000012368],[-90.45629499958554,38.63426900013122],[-90.45877599997488,38.63423100006986],[-90.45824700007037,38.6314430003378],[-90.46474499961066,38.631584000241425],[-90.46473000044037,38.633478999883124],[-90.46708200005997,38.633691000271384],[-90.46724199989352,38.626173000253566],[-90.46940699991538,38.62828700020791],[-90.48167099960018,38.62721399994492],[-90.48544999999805,38.629388000250884],[-90.48798900011373,38.626876000297756],[-90.48315699992969,38.62625999970833],[-90.49041199987843,38.62632099969062],[-90.49045299988632,38.62632299980419]]]}},{"type":"Feature","properties":{"zip":"63376"},"geometry":{"type":"Polygon","coordinates":[[[-90.69846800008968,38.78101400013642],[-90.69450200009405,38.779951000091756],[-90.6952739996728,38.77641299998227],[-90.69041200024985,38.78028799965198],[-90.69042399994541,38.77632500015736],[-90.6859249998473,38.776287999943854],[-90.685903000106,38.76896400009466],[-90.69536499990939,38.76903700023206],[-90.69577800036127,38.76169300005552],[-90.69351000040727,38.75969599983521],[-90.69198700026782,38.76163100025929],[-90.6879660000206,38.760107000285906],[-90.68226199980039,38.763446999967606],[-90.68079100043781,38.75934299975211],[-90.67874199986858,38.76005800008546],[-90.67858600023298,38.75696700025551],[-90.67537500009766,38.7547540002023],[-90.6719420002045,38.75445299978101],[-90.6679219997822,38.75784800016971],[-90.66550200039053,38.756018000230185],[-90.66252200023389,38.758959999965064],[-90.66115999975294,38.756822999696666],[-90.65876399975241,38.75717600033568],[-90.65809400028091,38.7535239998907],[-90.65402000033023,38.75441000001753],[-90.65247299990135,38.75179399982904],[-90.63184700005499,38.757547999812274],[-90.62401600034606,38.763108000192936],[-90.62500800003284,38.758837999687216],[-90.62342999964181,38.756702000306184],[-90.6252239999429,38.75647000011378],[-90.62305600044633,38.753685000251465],[-90.62443800012045,38.751077999657376],[-90.62122000031245,38.751527999879606],[-90.61976900014302,38.749854000254366],[-90.6082000000441,38.75177999974577],[-90.61166100042468,38.756006000268655],[-90.59932999989441,38.761660000328824],[-90.59769999962487,38.758660000078976],[-90.59964000041413,38.7586200002791],[-90.5995759999417,38.75604200014722],[-90.58659000000856,38.75712000000554],[-90.58787999962117,38.75021000021427],[-90.59138000035979,38.74739499990231],[-90.55868300027416,38.75230800008356],[-90.56103599971868,38.75668700014746],[-90.5539900000073,38.75748999982184],[-90.56516499992094,38.77099499983871],[-90.56134799988821,38.77300800003411],[-90.56289000029422,38.77490000010207],[-90.56009900028347,38.77666400015966],[-90.55753099985549,38.775170000094505],[-90.55525799987862,38.77806000029194],[-90.55669599962923,38.78065199976931],[-90.56874199975414,38.77891600034059],[-90.56829099966743,38.79093899979735],[-90.56022300013204,38.791749999922374],[-90.56968400011053,38.795364999794344],[-90.56861899973049,38.79818099984469],[-90.57134199996918,38.80533100003842],[-90.55096299999501,38.812211999712765],[-90.55497300037158,38.82280399966094],[-90.55854299963377,38.82362600004395],[-90.55833199974658,38.82975300017839],[-90.56097799999237,38.830324000127085],[-90.56137899985035,38.83224300034886],[-90.55842899983095,38.833715000321206],[-90.56036000039938,38.83788000028448],[-90.56463000016863,38.83811000031738],[-90.56429000041001,38.8538800001567],[-90.57649999966813,38.85363999976635],[-90.60167999986419,38.86252999986296],[-90.6189299997188,38.86127999992673],[-90.62020000013825,38.847099999948064],[-90.64792299974961,38.847151000030465],[-90.64802300020706,38.83935099994738],[-90.66098999987362,38.840022000053544],[-90.65679299989932,38.832050000227305],[-90.65796299986134,38.82312299977844],[-90.65654699985203,38.8204419999457],[-90.66496000006723,38.82441999969286],[-90.64950000031574,38.81283999991962],[-90.64899999982522,38.80906000019081],[-90.6517099996451,38.801619999665306],[-90.67847999992775,38.80299999991621],[-90.67476099980433,38.79851899980289],[-90.68365500024348,38.79696400034966],[-90.6871140000759,38.79267000001439],[-90.69295200019045,38.79446600034896],[-90.69629999969477,38.79294700014637],[-90.69509799994572,38.784352000097456],[-90.69846999973949,38.781418999686416],[-90.69846800008968,38.78101400013642]],[[-90.67814900038996,38.79710300014318],[-90.67275399996623,38.797934999993984],[-90.67199999993082,38.79998999992595],[-90.66879800001634,38.79545600000885],[-90.67156300008781,38.790857000244955],[-90.67512800022546,38.791361999815415],[-90.67814900038996,38.79710300014318]]]}},{"type":"Feature","properties":{"zip":"63122"},"geometry":{"type":"Polygon","coordinates":[[[-90.48192000002051,38.547984000012605],[-90.48160000035338,38.546450999924744],[-90.47609399960156,38.546921000167075],[-90.46546100001123,38.55260799989347],[-90.44303800038905,38.55935300032431],[-90.44036500037909,38.55723200024377],[-90.43383799962815,38.543431000322364],[-90.43269799980337,38.54388799971468],[-90.42392399991314,38.551098000163755],[-90.41214499975193,38.5573290000356],[-90.3986740002952,38.56112000009981],[-90.3936760004298,38.56770700019876],[-90.37723800033693,38.57354700029814],[-90.37724500000961,38.586486999826185],[-90.37507800033795,38.586262000077056],[-90.37231400009138,38.602377000154],[-90.37699999978723,38.60243500032396],[-90.37719899997886,38.6055300000831],[-90.38038300035001,38.604536000271565],[-90.37961900026885,38.60925300019592],[-90.4013149996198,38.61089699992003],[-90.40146699995576,38.60353599988909],[-90.41580199995109,38.6037020000874],[-90.41574000002679,38.6064690000896],[-90.42525500043195,38.606594000265645],[-90.42526100027975,38.59646499965854],[-90.44972000005237,38.59675700029283],[-90.447871000398,38.581630999849274],[-90.46155299974193,38.57991200031239],[-90.4621560001646,38.583053000196074],[-90.46570700005853,38.58107299967484],[-90.46502400016824,38.57871699983352],[-90.46158999955185,38.5797840000083],[-90.46178399972061,38.5784520001604],[-90.46522300035987,38.57516700016879],[-90.4712880002551,38.57474399984838],[-90.47618800021121,38.5671439998324],[-90.47421599963488,38.56654800011236],[-90.47403999990779,38.56404099970524],[-90.4796589997392,38.561241000219724],[-90.47297500042608,38.560190999771834],[-90.47245300019425,38.55121299999568],[-90.48190699960173,38.54805100034622],[-90.48192000002051,38.547984000012605]]]}},{"type":"Feature","properties":{"zip":"63017"},"geometry":{"type":"Polygon","coordinates":[[[-90.58568799983514,38.604896999656084],[-90.58234000033079,38.604857999819785],[-90.58232899956182,38.608497000073065],[-90.57583299967136,38.60787699971734],[-90.5739980002607,38.61224300017387],[-90.57911400012686,38.61224600023124],[-90.57843399971131,38.61645300027964],[-90.56686899981034,38.61477899991707],[-90.56672300022046,38.62448699977757],[-90.55952799964787,38.62345299977508],[-90.5593479997228,38.61966800019601],[-90.55726600043995,38.619606000018855],[-90.55720600016548,38.61059199987799],[-90.54124699974841,38.614800000275515],[-90.54124599992348,38.61297999973326],[-90.5385290004309,38.61294599989159],[-90.53995399976273,38.61514399985757],[-90.53537600002191,38.62039999997892],[-90.53866099977705,38.62458199982141],[-90.53145500023213,38.624545999701404],[-90.5307709996186,38.620338999872914],[-90.52324899970615,38.62199400019994],[-90.52022599989182,38.61762500027653],[-90.5134170000069,38.62106900026774],[-90.5116289995536,38.61682500004626],[-90.51068000042284,38.62091999968502],[-90.50630699982311,38.623155999885164],[-90.50516299980035,38.62180400014799],[-90.50091700032056,38.62398199990686],[-90.49878999993355,38.6207059998657],[-90.49557499960027,38.62182300031625],[-90.49818400003615,38.626361999902635],[-90.48315699992969,38.62625999970833],[-90.48798900011373,38.626876000297756],[-90.48544999999805,38.629388000250884],[-90.49037699971834,38.631985000183555],[-90.49036900022074,38.63594999973301],[-90.48082799987631,38.63786700025683],[-90.49825000015838,38.63882900017697],[-90.50720200032383,38.64121399983491],[-90.51312099973089,38.64035000014029],[-90.51435000014247,38.642075999964085],[-90.51063600004191,38.64898600015128],[-90.50762099972518,38.64942700017042],[-90.50638100034126,38.657012000105524],[-90.50150099957834,38.66597899981061],[-90.49924199984515,38.67994599990195],[-90.48820199965073,38.682274000157285],[-90.49408300032128,38.68485200017414],[-90.49895999981285,38.692406999868375],[-90.50721900004227,38.689963000205935],[-90.5122119998848,38.69493699987024],[-90.51750600002619,38.6953810002464],[-90.51817300002295,38.69273400005436],[-90.52223600010298,38.693013000047685],[-90.52275199958869,38.68762500004616],[-90.53926900022262,38.68807799999549],[-90.5547220003014,38.68155200034145],[-90.57206300039262,38.683788000139025],[-90.57186699967573,38.66528399994119],[-90.57967599964334,38.66490700011576],[-90.58138700010375,38.66254500020191],[-90.57853099979567,38.66202500010936],[-90.57953699972617,38.66025999976302],[-90.57245099983183,38.66078899973615],[-90.57268400035865,38.656011999721756],[-90.57612999977229,38.65462900014935],[-90.57580199970921,38.64988999991358],[-90.57834699967266,38.648945999991426],[-90.57230900043992,38.64371600021349],[-90.57195999956214,38.636253000169965],[-90.58058299983962,38.62709700027436],[-90.58559499994871,38.614900000193494],[-90.58568799983514,38.6049200001076],[-90.58568799983514,38.604896999656084]]]}},{"type":"Feature","properties":{"zip":"63026"},"geometry":{"type":"Polygon","coordinates":[[[-90.51190399991322,38.496794999789394],[-90.50710000021658,38.49122000010985],[-90.50618999964725,38.49394000015537],[-90.49979000001625,38.49229000033127],[-90.49213000001154,38.49451999972931],[-90.49190700042878,38.49218299975858],[-90.48699999990167,38.48970000017428],[-90.48787799978564,38.48556200008209],[-90.48444599971741,38.4864430003125],[-90.48665599994509,38.48013800008935],[-90.48374000026088,38.47937000017772],[-90.48389300042174,38.471898999906514],[-90.48868299987467,38.4719080000751],[-90.48990600043847,38.442878000314245],[-90.48334900044861,38.442593000266136],[-90.48265999981224,38.45265999972882],[-90.4678529998138,38.45727300008408],[-90.460790000384,38.45822999994862],[-90.46109800035558,38.44993199986418],[-90.45165800029348,38.45640899969468],[-90.45111199977221,38.45321899969439],[-90.45544900038692,38.4505740001357],[-90.4528490001719,38.449669999707695],[-90.44626500041788,38.45291600023425],[-90.44736900025765,38.45607299967982],[-90.4437120000585,38.45880800003722],[-90.44550299998656,38.460934000149585],[-90.44323099983458,38.463076999713515],[-90.43862499960635,38.46065299997074],[-90.42718699992699,38.46331500016558],[-90.42400699975381,38.461919999777294],[-90.41475699966253,38.46297300004374],[-90.42278999993613,38.482654999682715],[-90.41997200016121,38.48390199966641],[-90.41203299959894,38.48089499986089],[-90.40534300043802,38.48735000008486],[-90.4073050000703,38.49310100034643],[-90.40494699970459,38.49955200021659],[-90.40663300005063,38.503770999885155],[-90.42020899998766,38.50575799992384],[-90.43562600008146,38.515483000254214],[-90.43383799962815,38.543431000322364],[-90.44036500037909,38.55723200024377],[-90.44303800038905,38.55935300032431],[-90.4689230002167,38.55024199966057],[-90.4732800000246,38.547543000159855],[-90.47342599961446,38.542351000146716],[-90.48539499974648,38.53903600010591],[-90.49187899994138,38.53931300016306],[-90.49138600002189,38.53724700025406],[-90.4944850000042,38.53295299969352],[-90.49502499977935,38.536075999895665],[-90.498265000227,38.53370399996156],[-90.49978900019134,38.533752999904046],[-90.50056900016601,38.53685399994816],[-90.50849100011153,38.53577699983109],[-90.50947500030071,38.52349599995373],[-90.50760999985451,38.508640000135934],[-90.50234000000256,38.50860100005971],[-90.50235300042137,38.50490500010609],[-90.49958800034989,38.50377499990992],[-90.50240399957666,38.501234999952345],[-90.51035800020756,38.50131800017874],[-90.50947000027784,38.49888999998359],[-90.51134999989434,38.49735999991035],[-90.51190399991322,38.496794999789394]]]}},{"type":"Feature","properties":{"zip":"63031"},"geometry":{"type":"Polygon","coordinates":[[[-90.43872099986581,38.82769700007299],[-90.40257199962046,38.80607599986672],[-90.3958799999114,38.81102400005853],[-90.39131499969106,38.81106800026945],[-90.38820200036336,38.80483200011287],[-90.38775799994933,38.79765399989113],[-90.38748000011499,38.8008879999828],[-90.37330199958019,38.79245499987269],[-90.36831100028581,38.7979669999828],[-90.35866299981127,38.792176000249334],[-90.35603099980919,38.793868000008715],[-90.34322899999906,38.7861710002934],[-90.33958299967057,38.78660000010382],[-90.33770700025202,38.775698999733805],[-90.32828100043363,38.77475499993072],[-90.32919799977734,38.7694369997643],[-90.32422900022428,38.76893100022874],[-90.32369799977162,38.771955999679236],[-90.31573700036635,38.77124500003886],[-90.31480599988063,38.76760800022511],[-90.31278200032409,38.76827800023006],[-90.31178399989119,38.766702999804764],[-90.30522600007646,38.76999699968387],[-90.30887999990256,38.77401099985832],[-90.31163400010337,38.77436200003201],[-90.31160300014123,38.77668199979244],[-90.31347899955978,38.776750000153946],[-90.3144450002056,38.78060399967549],[-90.31977699998184,38.78453399981921],[-90.31866700029428,38.78511499967373],[-90.32090599993597,38.787526000272095],[-90.3148539995612,38.79526000021033],[-90.31850200043785,38.79733300028402],[-90.31797699983298,38.812451999839126],[-90.31212600019796,38.82103499985854],[-90.30682000036099,38.821440000173524],[-90.31155700011048,38.828764999866884],[-90.30971900032678,38.831873999990194],[-90.31288400043132,38.83080699995179],[-90.32659400026267,38.85190200010271],[-90.33897599994823,38.85770800015943],[-90.3395650001272,38.861530999838934],[-90.34241399986426,38.86174900000795],[-90.34496499967551,38.84937200010243],[-90.34911300014434,38.84169499992456],[-90.36216299965159,38.827860000333224],[-90.37041199983526,38.82330399977122],[-90.38944699977013,38.82201199973063],[-90.41945699960209,38.82839899976847],[-90.43800700001337,38.827952999709126],[-90.43872099986581,38.82769700007299]]]}},{"type":"Feature","properties":{"zip":"63141"},"geometry":{"type":"Polygon","coordinates":[[[-90.51434500011959,38.64222900012697],[-90.51337799964884,38.640382999759616],[-90.50720200032383,38.64121399983491],[-90.49825000015838,38.63882900017697],[-90.48082799987631,38.63786700025683],[-90.49036900022074,38.63594999973301],[-90.49037699971834,38.631985000183555],[-90.48259000039033,38.627352000318666],[-90.47168999993801,38.62851800030853],[-90.46807399974675,38.62620199984963],[-90.46708200005997,38.633691000271384],[-90.46473000044037,38.633478999883124],[-90.46474499961066,38.631584000241425],[-90.45824700007037,38.6314430003378],[-90.45877599997488,38.63423100006986],[-90.45629499958554,38.63426900013122],[-90.45694900006183,38.63830000012368],[-90.45382300031532,38.638172000091835],[-90.45064999981486,38.635085999735225],[-90.45169900030137,38.62695099972792],[-90.44952099986072,38.63902500000262],[-90.44350100017131,38.638649999964606],[-90.44341199958454,38.64809000033828],[-90.40544800002002,38.647688999989576],[-90.40391099963686,38.65996699990512],[-90.39459600014656,38.66185300005708],[-90.39474400028458,38.676989999807695],[-90.40147500035168,38.67704200033948],[-90.40151499963633,38.674142999824205],[-90.40481700000825,38.675151000121126],[-90.4046300004105,38.6767830001618],[-90.41346200002704,38.67733200031977],[-90.4135509997155,38.67313100034251],[-90.41678000029248,38.673171999724985],[-90.41837799987667,38.67541999992155],[-90.42727599961545,38.673295999938176],[-90.428757999747,38.67538799968281],[-90.43015899968769,38.674804000001345],[-90.42863200024863,38.67268100008593],[-90.4307780000039,38.67177299991441],[-90.43621000023757,38.67568100026072],[-90.44144999995227,38.67395999980082],[-90.4458300002247,38.675784999681994],[-90.44705600026322,38.67163000028363],[-90.45829399992603,38.67443499980096],[-90.46571899975409,38.6787840001804],[-90.4711540003608,38.679218000323516],[-90.47191500006892,38.68469300023192],[-90.47408599993854,38.68491400000737],[-90.47417399980209,38.680557999744316],[-90.48041100012479,38.68332899990147],[-90.49924199984515,38.67994599990195],[-90.50150099957834,38.66597899981061],[-90.50638100034126,38.657012000105524],[-90.50762099972518,38.64942700017042],[-90.51063600004191,38.64898600015128],[-90.51434400029467,38.642256999708664],[-90.51434500011959,38.64222900012697]],[[-90.44187199972667,38.67336999978213],[-90.43649100044495,38.67535199983546],[-90.43540900034648,38.67127199989159],[-90.44169500017468,38.67280800007547],[-90.44187199972667,38.67336999978213]]]}},{"type":"Feature","properties":{"zip":"63341"},"geometry":{"type":"Polygon","coordinates":[[[-90.89268499969984,38.70158999999987],[-90.88675399969888,38.696083999938104],[-90.88967000028141,38.68893999991036],[-90.88652000024547,38.68607000022368],[-90.88595000033308,38.680130000056366],[-90.87729000024568,38.672199999662304],[-90.87362999967347,38.66494000034902],[-90.87438600025702,38.66016399971897],[-90.88465399997436,38.6615830002185],[-90.8889299995914,38.65776100003106],[-90.89088499955096,38.65382100011001],[-90.8862330001903,38.64973199991782],[-90.88917800018682,38.6427499999237],[-90.88229999980663,38.64370999992503],[-90.87033599969749,38.65767899972705],[-90.87084100021086,38.64868900009784],[-90.86365700040722,38.648620999881665],[-90.86356899964537,38.65134199998882],[-90.85242499969388,38.63975299987467],[-90.85252699980113,38.635115999870706],[-90.84688299985537,38.638115999830575],[-90.8374379997704,38.63088000004862],[-90.82407199989565,38.63057900005341],[-90.82314999963074,38.62279100000887],[-90.82853900020669,38.61711299992169],[-90.82334200014968,38.61199899976771],[-90.82663600012567,38.60713900006143],[-90.83169300044061,38.60750899975336],[-90.83404800043327,38.60448700013731],[-90.81830499992624,38.60435900011592],[-90.81826300009344,38.60754199974707],[-90.79995899972944,38.600580999846436],[-90.78814000028359,38.6172600003263],[-90.777510000168,38.61355999995907],[-90.77352999992866,38.61401999978094],[-90.77194200039021,38.61687000012493],[-90.75609000010323,38.61131800013566],[-90.75070300007543,38.625103000158376],[-90.74404800017629,38.63088999998012],[-90.73590500029783,38.64391299981655],[-90.75374299960819,38.650429999737476],[-90.76130100040396,38.658634999799965],[-90.75990799996087,38.66292100029071],[-90.77007000027132,38.66138600009919],[-90.76872799988185,38.666005999725975],[-90.77843900010558,38.66629399982584],[-90.77858399987053,38.67910400006573],[-90.79060400005618,38.67910400006573],[-90.79060400005618,38.68131100018974],[-90.79688999988436,38.68121500031936],[-90.79673000005079,38.69468999970436],[-90.79367999957395,38.69558000034963],[-90.79219999999053,38.70280000008288],[-90.78470999986514,38.70725999973918],[-90.77520000038119,38.70724000016678],[-90.77521999957436,38.71073999998474],[-90.77930000027112,38.712949999958944],[-90.78189999958785,38.71890000027921],[-90.77546800016978,38.7292020002453],[-90.78068299977015,38.72997799972451],[-90.78599299980507,38.72391700009183],[-90.79819000044104,38.7228990003485],[-90.80152700007473,38.719648000059415],[-90.80782200012375,38.718368999817976],[-90.80770599977279,38.72019199995212],[-90.81201800027314,38.720765999909936],[-90.81055500040816,38.722537000210274],[-90.81489999962217,38.72250999989803],[-90.81715300040588,38.71160400000797],[-90.81984800015717,38.71167099972118],[-90.81984099958615,38.71525799991282],[-90.82476999985457,38.71533799971075],[-90.82485900044134,38.716823000072445],[-90.82706999959564,38.71699499979147],[-90.82776799955454,38.71367599997398],[-90.83000000042186,38.71363699974643],[-90.82933900027287,38.72214199986849],[-90.83999600015265,38.72273799995589],[-90.84541199959445,38.71535099971325],[-90.86014099977508,38.7153500001984],[-90.86016099986657,38.71389899969844],[-90.86947999955483,38.71552000023162],[-90.86947999955483,38.71349999971283],[-90.8654499999851,38.712775999815854],[-90.8649160000577,38.70807200008645],[-90.87414799970733,38.70818799968366],[-90.87563200038703,38.70354399996908],[-90.87753999959261,38.70365000031416],[-90.87949000042762,38.70823000032535],[-90.88819999984544,38.708699000207],[-90.88328399999581,38.70823899965857],[-90.88495899957289,38.70422599995816],[-90.88803699963881,38.70433499970098],[-90.88809500026345,38.70166499973693],[-90.89268499969984,38.70158999999987]]]}},{"type":"Feature","properties":{"zip":"63303"},"geometry":{"type":"Polygon","coordinates":[[[-90.5865580002215,38.74366400029641],[-90.58624000020419,38.74243999990208],[-90.58100999963689,38.74489000033334],[-90.57962999961258,38.7376499998077],[-90.57408000027647,38.731239999727194],[-90.57678000005062,38.727259999963294],[-90.57633300016187,38.72323400001584],[-90.58023100038542,38.718203000255556],[-90.57876000012453,38.71537000030575],[-90.57570399979993,38.71564100001725],[-90.57747999965935,38.71214000016094],[-90.58141999971572,38.710460000164254],[-90.5754700003465,38.69502000006949],[-90.57273000038938,38.69522000027217],[-90.5683109997589,38.68393100002404],[-90.5547220003014,38.68155200034145],[-90.54172899979724,38.686209000066754],[-90.53279500007345,38.69575100020737],[-90.5308409999388,38.7090059997309],[-90.53454300034379,38.723731000235716],[-90.53277300033216,38.729440000159904],[-90.52403299987878,38.73572600020061],[-90.49421600039068,38.75028500007583],[-90.48245499977281,38.76401299998371],[-90.50626400016542,38.77317200018014],[-90.52807000001954,38.78534000030536],[-90.56022300013204,38.791749999922374],[-90.56829099966743,38.79093899979735],[-90.56874199975414,38.77891600034059],[-90.56014799978897,38.78068799981847],[-90.55593300027131,38.77969400018796],[-90.55538900029818,38.77630400024677],[-90.55753099985549,38.775170000094505],[-90.56009900028347,38.77666400015966],[-90.56289000029422,38.77490000010207],[-90.56134799988821,38.77300800003411],[-90.56516499992094,38.77099499983871],[-90.5539900000073,38.75748999982184],[-90.56103599971868,38.75668700014746],[-90.55868300027416,38.75230800008356],[-90.58387599999071,38.74812599974038],[-90.58654999982558,38.74385000010326],[-90.5865580002215,38.74366400029641]]]}},{"type":"Feature","properties":{"zip":"63049"},"geometry":{"type":"Polygon","coordinates":[[[-90.58411000034243,38.501710000133215],[-90.5839739999,38.487199000076],[-90.57859899956775,38.48705899991081],[-90.57868700032961,38.47994199970651],[-90.58149000003591,38.47951999972115],[-90.57847999974206,38.477770000159836],[-90.57870300022311,38.472672999751936],[-90.57375300003832,38.47262399973096],[-90.57392499956745,38.465175000212156],[-90.56948999994175,38.46515200005413],[-90.56960000044494,38.4622099999163],[-90.5655569995581,38.46062900022765],[-90.5700699998999,38.461099999793426],[-90.57456300015022,38.457830000303574],[-90.56969400015626,38.45777400010593],[-90.56980799995908,38.45409399986148],[-90.56496900010234,38.45399999983774],[-90.56474499979636,38.45034699999111],[-90.56037200009496,38.45035699972742],[-90.56090099999946,38.45399900019606],[-90.55011400042336,38.45385799992886],[-90.54583399971004,38.45019099998606],[-90.54576099991512,38.4456769998592],[-90.54081199955522,38.44924299990066],[-90.53896899974865,38.44855399969036],[-90.5403029997422,38.446483999750164],[-90.53694099999414,38.44647499992666],[-90.5369870000249,38.44101000024244],[-90.53457000010796,38.44100799989554],[-90.5346710003903,38.439222999942245],[-90.52277400022831,38.43903499972845],[-90.51668000002076,38.441239999660866],[-90.51298400036187,38.438900000287155],[-90.51316299956369,38.41969800005094],[-90.50816399987339,38.420282999829254],[-90.5085019999822,38.4141910001754],[-90.50377699992828,38.41362099983196],[-90.50368499986676,38.417177000241445],[-90.49403300009257,38.41716200007645],[-90.49395600009967,38.427934000169074],[-90.48793600041027,38.426652000073716],[-90.49025799989265,38.43697499996907],[-90.48909499960334,38.464891999989796],[-90.48868299987467,38.4719080000751],[-90.48389300042174,38.471898999906514],[-90.48374000026088,38.47937000017772],[-90.48665599994509,38.48013800008935],[-90.48444599971741,38.4864430003125],[-90.48787799978564,38.48556200008209],[-90.48699999990167,38.48970000017428],[-90.49190700042878,38.49218299975858],[-90.49213000001154,38.49451999972931],[-90.49979000001625,38.49229000033127],[-90.50618999964725,38.49394000015537],[-90.50710000021658,38.49122000010985],[-90.51166999956148,38.49623000015851],[-90.50947000027784,38.49888999998359],[-90.51035800020756,38.50131800017874],[-90.50240399957666,38.501234999952345],[-90.49958800034989,38.50377499990992],[-90.50235300042137,38.50490500010609],[-90.50234000000256,38.50860100005971],[-90.50760999985451,38.508640000135934],[-90.50947500030071,38.52349599995373],[-90.50807699983474,38.53596199965805],[-90.51372199960544,38.534504000253484],[-90.51304299991308,38.53639999984345],[-90.51541399979925,38.53596099974761],[-90.5320309999923,38.5288289997584],[-90.54229500041,38.526508999920175],[-90.54641500039142,38.51857499980855],[-90.56360099977361,38.503339000125706],[-90.56299700042435,38.50165400027033],[-90.58246500000426,38.501705999993824],[-90.58411000034243,38.501710000133215]]]}},{"type":"Feature","properties":{"zip":"63109"},"geometry":{"type":"Polygon","coordinates":[[[-90.32051500012372,38.594151999957916],[-90.31147099989677,38.58532199980397],[-90.3057929996158,38.573052000347325],[-90.295027999781,38.56369799986286],[-90.29267000031362,38.5651879998203],[-90.29593199960424,38.567776000051246],[-90.29603299988658,38.57077400034251],[-90.28916200007738,38.567276000190695],[-90.28451400001637,38.57063100005712],[-90.28285100013485,38.57719499966706],[-90.27793600011012,38.58040700004375],[-90.27058800027496,38.59475999989159],[-90.31563899955876,38.59802000019753],[-90.31543400041765,38.599968999780394],[-90.31885800008999,38.5983120001227],[-90.32050400025305,38.594176999948154],[-90.32051500012372,38.594151999957916]]]}},{"type":"Feature","properties":{"zip":"63034"},"geometry":{"type":"Polygon","coordinates":[[[-90.34261399988081,38.8665489997748],[-90.34241399986426,38.86174900000795],[-90.3395650001272,38.861530999838934],[-90.33958699986852,38.85823499993601],[-90.32670499969244,38.8520099999395],[-90.31288400043132,38.83080699995179],[-90.30971900032678,38.831873999990194],[-90.31155700011048,38.828764999866884],[-90.30682000036099,38.821440000173524],[-90.29688099963332,38.81992699987888],[-90.28497699979863,38.808262000225945],[-90.27780700023871,38.81059500025295],[-90.26143100007009,38.81048499999436],[-90.25345300004807,38.8188110002275],[-90.25096800035908,38.81771799986465],[-90.25204799990941,38.814580000071636],[-90.25043899955625,38.81327299977993],[-90.24074800032231,38.81521899998288],[-90.2380939996806,38.812162000051295],[-90.23614499956882,38.81576399977617],[-90.23203299998333,38.81587499978923],[-90.23064999958596,38.81409700005428],[-90.23131199955986,38.820041000149445],[-90.22901299964371,38.81753300033455],[-90.22513200003691,38.821856000243486],[-90.22889600036616,38.82836500008827],[-90.21872300018507,38.831972000326964],[-90.23250199961338,38.838826999853744],[-90.2357629999774,38.84234600011047],[-90.26286999964562,38.85497799972948],[-90.28660799989309,38.88247199985408],[-90.30100300016286,38.88903300017643],[-90.31807999976513,38.89174499975272],[-90.33014599998153,38.88884399982947],[-90.33637499990829,38.883381000330964],[-90.34256100017737,38.86674399972836],[-90.34261399988081,38.8665489997748]]]}},{"type":"Feature","properties":{"zip":"63028"},"geometry":{"type":"Polygon","coordinates":[[[-90.53351499977367,38.19629399996259],[-90.53329300001582,38.19393900034543],[-90.52800800009526,38.1944050002462],[-90.52819800006604,38.18926399966934],[-90.53228100023755,38.18717300002693],[-90.52834600020407,38.18718399991566],[-90.52837600034128,38.18291899984927],[-90.52612599993063,38.18257999993498],[-90.53012999956108,38.18210999975842],[-90.5277090003445,38.17957099975426],[-90.51802499988496,38.18240000012041],[-90.51747000004117,38.17889899984752],[-90.52245000036322,38.17830999978093],[-90.51979200042186,38.165721000324105],[-90.51527999990496,38.16508600002994],[-90.51539700008084,38.161286000181725],[-90.50983799962556,38.16121899981519],[-90.5096710001193,38.15441299983256],[-90.48311900029485,38.154184000156505],[-90.48329800039501,38.14967600033531],[-90.4737720001192,38.14962800018632],[-90.47373000028638,38.14558599980894],[-90.4708439998411,38.145503000308665],[-90.46964999958963,38.143160000135396],[-90.46516899993318,38.145424000075245],[-90.46232400039408,38.14209000033547],[-90.4466960004131,38.14195600030079],[-90.4482370000959,38.13467300010969],[-90.44059800000758,38.1319369996587],[-90.43303400026235,38.13467300010969],[-90.42365000027675,38.13467300010969],[-90.42549499973316,38.1250540003235],[-90.41606100041717,38.126111999913],[-90.41812500015668,38.12257199991522],[-90.42450399987128,38.11905599990361],[-90.425948000368,38.10882199997591],[-90.42445700001562,38.10867299997493],[-90.42489999970641,38.09415300001849],[-90.42880999962553,38.09399999973689],[-90.42545999957306,38.091220000048224],[-90.41974299983235,38.093279999933756],[-90.42002900006261,38.08647099992864],[-90.42139700039135,38.0865139996633],[-90.42293999972397,38.081499999770365],[-90.42205000014442,38.072220000129654],[-90.4159099999061,38.06984000011841],[-90.41415400013817,38.07259899978944],[-90.40710300040392,38.074398000260864],[-90.407679999989,38.06892000020388],[-90.40199000001249,38.066440000149655],[-90.40251999974191,38.060259999978584],[-90.39817999965247,38.05803999973612],[-90.39704599967546,38.05370199998233],[-90.4160220000591,38.04231500012186],[-90.3888119995604,38.0245230002791],[-90.3939579995638,38.020901000115636],[-90.39631299955646,38.016916999879356],[-90.39233999988811,38.01511199964889],[-90.39894700010666,38.00870100014041],[-90.39066100011308,38.01617699972688],[-90.38786599990438,38.01509099969714],[-90.38416799969733,38.00922900005596],[-90.37363700021427,38.00786299990471],[-90.3809759998286,38.01958200024477],[-90.37012399995515,38.01241199998352],[-90.37046000041414,38.010117999673504],[-90.36688299968262,38.01028699999753],[-90.3536459996793,38.001768000107695],[-90.35276100012264,38.00309799991285],[-90.3477039998077,38.000619999671024],[-90.34090199959549,38.000613999712805],[-90.33333299982739,38.00560599981998],[-90.3301739995706,38.01264299977968],[-90.3240049999183,38.0124639999674],[-90.32317399988999,38.03464300016052],[-90.3245759996556,38.034613000137114],[-90.32461199964061,38.043398000263885],[-90.32310299974488,38.04338899991915],[-90.32259899995472,38.05766500025814],[-90.3039339999157,38.05755300019044],[-90.30351299996623,38.06822299983041],[-90.31102900003089,38.07242000009786],[-90.31102900003089,38.075334999863294],[-90.32227400026471,38.07605700014009],[-90.32218999970081,38.0825690003419],[-90.30594699960157,38.0834250001384],[-90.30354200027854,38.08974599974848],[-90.29964800025293,38.08938900016388],[-90.30063999993972,38.092389999761906],[-90.3061299998997,38.093180000264205],[-90.30720000030259,38.09875999970342],[-90.30939999958623,38.100419999910486],[-90.30760000033568,38.109239999902925],[-90.29840999962053,38.11206000027757],[-90.29760000040694,38.115449999945014],[-90.28471999988068,38.122560000193474],[-90.28326000038876,38.12723000016987],[-90.27424999959865,38.133481000187324],[-90.25711500027009,38.11647100007651],[-90.24985799977321,38.11454999965092],[-90.25611500018739,38.125911999856726],[-90.25266600040071,38.12781200017501],[-90.27484299997558,38.15755900012971],[-90.29062900014031,38.17036300020234],[-90.32721799970342,38.18431099975085],[-90.33565900040603,38.1915309999233],[-90.35542999993466,38.216305999735425],[-90.36040000021096,38.21559599993197],[-90.37008200012237,38.21863799975786],[-90.37358199996268,38.21086600008666],[-90.37814299998506,38.20893499998535],[-90.38199199980484,38.21002500014252],[-90.38443100036139,38.20643600015303],[-90.38871000035148,38.206531000192086],[-90.39293499991487,38.20240000010248],[-90.3943099999163,38.20323000032431],[-90.39278500012703,38.21111900020279],[-90.38711500024202,38.21165600016024],[-90.3839180003504,38.216653000134194],[-90.38508999996223,38.21899999991066],[-90.38714000035637,38.21553000021065],[-90.38909799979068,38.215724000161835],[-90.38738100038078,38.224800000066665],[-90.3853900004362,38.22520699976337],[-90.39234599973591,38.23331400033712],[-90.39472099982005,38.240383000102696],[-90.39078400013672,38.2415619999548],[-90.39117099975103,38.239902999912545],[-90.3857000000576,38.239940000185484],[-90.38844000001473,38.24669999971629],[-90.38434000012481,38.24711999967861],[-90.38226899981429,38.24938000014043],[-90.36694799997996,38.24834399997761],[-90.36767299970303,38.25811500030194],[-90.37812999956627,38.25190400026313],[-90.38836999969453,38.2517470000664],[-90.38842800031917,38.247174999670364],[-90.39455199976564,38.24727099981273],[-90.39593500016299,38.24335399990577],[-90.40365500044216,38.244197999672735],[-90.40358599994686,38.240236000279666],[-90.40572699967927,38.24042499969512],[-90.40519500030004,38.23865899985826],[-90.4038200002986,38.23970699996444],[-90.40426700018733,38.23721000033484],[-90.41353099962402,38.23824199980663],[-90.4122689996005,38.245268000227284],[-90.40720499961286,38.24408899980244],[-90.40677399961764,38.24744900003523],[-90.41615199975544,38.248220000071754],[-90.41582299986749,38.25549599987323],[-90.42591200038298,38.255857999980655],[-90.42617500014872,38.254238999806205],[-90.43393300006271,38.2578420001792],[-90.44406000021307,38.25646800021283],[-90.4512790001768,38.247224000141046],[-90.45753200039302,38.242770999684645],[-90.4554119996787,38.247037000125395],[-90.45827800003251,38.24852199968883],[-90.48284999978303,38.24918999966378],[-90.48484999994844,38.246970000323415],[-90.49687000013408,38.24690000000102],[-90.50752000034116,38.250499999911334],[-90.51579100026613,38.250591999956825],[-90.51621999971321,38.22984999979157],[-90.5196969999873,38.228661999752504],[-90.51892600023346,38.22747599996759],[-90.52648499995583,38.22729299977565],[-90.5265750003675,38.22382699968958],[-90.53134599955386,38.22382499968991],[-90.53189200007513,38.21618599995689],[-90.52669900021607,38.21634799982291],[-90.52551500001034,38.214053999980926],[-90.52324799988125,38.21394000012656],[-90.5239490002132,38.21148900029565],[-90.51972700012453,38.205585999710614],[-90.52749500008427,38.20552499993332],[-90.52775700002508,38.20000600025494],[-90.53189200007513,38.19996900014088],[-90.53260000007977,38.19631700018528],[-90.53351499977367,38.19629399996259]],[[-90.5034749998045,38.19038500005143],[-90.47596899992809,38.201368999995196],[-90.48672600026529,38.1924529999517],[-90.49806600003537,38.192370999869176],[-90.50296500016654,38.19038500005143],[-90.5034749998045,38.19038500005143]]]}},{"type":"Feature","properties":{"zip":"63052"},"geometry":{"type":"Polygon","coordinates":[[[-90.50374000011837,38.41505399969085],[-90.50377699992828,38.41362099983196],[-90.49944699988458,38.4136200003349],[-90.4994419998617,38.40491499996323],[-90.49804599994387,38.40477400026628],[-90.50217000012326,38.39535999965724],[-90.49895300014016,38.39944400001439],[-90.49452199981411,38.39946699999211],[-90.49914999978365,38.38705000008248],[-90.49583999991414,38.380829999653464],[-90.50080799964229,38.37249400001656],[-90.49936900006676,38.368591999842835],[-90.49153400015987,38.3676479998112],[-90.49162100019852,38.35813200031938],[-90.49542700036059,38.35765700009105],[-90.49555200003404,38.35390799975334],[-90.48224700025868,38.353155999892735],[-90.47718999994373,38.350660000240104],[-90.46758000000233,38.359940000249644],[-90.46054000013874,38.356990000315754],[-90.44900600019992,38.360656000298036],[-90.4600379999984,38.36089300000742],[-90.46110400020335,38.36406399982943],[-90.45129800044337,38.36496300024398],[-90.43221099973165,38.36176100007238],[-90.41469999976113,38.354759999698665],[-90.4090299998761,38.360289999989305],[-90.4023769996268,38.36044500021892],[-90.40242500020567,38.35833500011898],[-90.40029699999374,38.36044200022674],[-90.40030899968932,38.35853800005373],[-90.3979350003284,38.35801099995647],[-90.39792399955942,38.36047099991138],[-90.39338199980362,38.360524000203746],[-90.39055900000582,38.35755499988026],[-90.3958799999114,38.34847999998569],[-90.39370900004177,38.348440000279226],[-90.39114399998684,38.35519799992113],[-90.38608400019717,38.35853000009834],[-90.38658799998733,38.347030999924804],[-90.38598600028787,38.34459899983339],[-90.38309900001767,38.34352100013467],[-90.38683800023257,38.34343500016961],[-90.38793299985153,38.34130200026057],[-90.38262199999168,38.33941600012811],[-90.38163299977964,38.342319000048306],[-90.37969700008664,38.33889699968317],[-90.3771959996058,38.338786999799616],[-90.3789339998304,38.33675800019977],[-90.37598800000896,38.33613800022692],[-90.37652299976125,38.334609000026376],[-90.37081900043934,38.33355400014267],[-90.34752600043079,38.37970400019962],[-90.35928999962508,38.38014300014749],[-90.35830600033421,38.38456599975481],[-90.35970800009983,38.38474000024664],[-90.35795300015678,38.38737299994544],[-90.36668400038931,38.39016299984607],[-90.3689079999624,38.39423899993127],[-90.37376000023791,38.39444799981407],[-90.37553600009734,38.397321000158094],[-90.38158799957378,38.39781599977407],[-90.3820100002465,38.393890000110986],[-90.3833900002708,38.39393999985373],[-90.38444800007983,38.39727899983415],[-90.39113999978886,38.398695000015266],[-90.39521100026481,38.40474699997838],[-90.40105600005202,38.40479600033694],[-90.40112200017427,38.40272800032516],[-90.40574900031888,38.404977999768896],[-90.40562999959488,38.410209999898555],[-90.41448999969883,38.40915000013498],[-90.41034999962592,38.411689999987324],[-90.41690400014103,38.41295699994104],[-90.41359000007355,38.41747999981053],[-90.41641299987137,38.42427400019643],[-90.43070900040692,38.41919100030537],[-90.43925999981607,38.419317999726076],[-90.44682000026167,38.42388999978119],[-90.45389000026248,38.422279999899054],[-90.45903999956553,38.428079999715784],[-90.46285900014637,38.42796000023529],[-90.46475800002945,38.429856000239724],[-90.46173000019225,38.43111000021013],[-90.4564319998529,38.44142699994497],[-90.46180299998717,38.43807899985414],[-90.4658099999907,38.439812999776706],[-90.45959000028475,38.44517000027375],[-90.46148099977191,38.44715299966844],[-90.45449100013703,38.4536710001972],[-90.46096699993599,38.44943400007889],[-90.460790000384,38.45822999994862],[-90.48265999981224,38.45265999972882],[-90.48334900044861,38.442593000266136],[-90.48997800040848,38.4427039997595],[-90.48921000012938,38.42689000033286],[-90.48793600041027,38.426652000073716],[-90.49395600009967,38.427934000169074],[-90.49403300009257,38.41716200007645],[-90.50368499986676,38.417177000241445],[-90.50374000011837,38.41505399969085]],[[-90.36579999975925,38.36635999992041],[-90.36549000013785,38.367970000252164],[-90.3623900003306,38.36756000005823],[-90.36296000024302,38.364479999756064],[-90.36559100042018,38.36633199992857],[-90.36579999975925,38.36635999992041]]]}},{"type":"Feature","properties":{"zip":"63366"},"geometry":{"type":"MultiPolygon","coordinates":[[[[-90.81429299989983,38.8785080002776],[-90.80269600021184,38.866537000233606],[-90.80245400036249,38.85897099965461],[-90.80057700022073,38.85582300026802],[-90.7956749997165,38.855459999766666],[-90.79307000037691,38.8487200000929],[-90.76753600017852,38.84661199987621],[-90.76906000014287,38.82854399999237],[-90.76218699978553,38.8269029998786],[-90.76166700010184,38.825355999775034],[-90.76578100023549,38.81898800002782],[-90.77983599984832,38.819412999744856],[-90.77520600022896,38.81588799968485],[-90.77633299963496,38.81418599968338],[-90.78316599980931,38.81465399992987],[-90.7861500001639,38.81762499971832],[-90.78987500013513,38.816815999779415],[-90.79068400042212,38.81482700007406],[-90.79142400021382,38.816112999763845],[-90.79586300003749,38.81526999981418],[-90.79745800014693,38.817202999695894],[-90.8020459999335,38.8088499999246],[-90.80778000029096,38.80909999970464],[-90.77970500032707,38.80447400034907],[-90.78144000017862,38.80423300027524],[-90.7543979999094,38.80350800000112],[-90.75573399955276,38.79393900023083],[-90.74722699962625,38.793818000076136],[-90.74619700030462,38.78407400022587],[-90.74290599980337,38.78400699980003],[-90.74193800040604,38.77876100034989],[-90.73737099963755,38.77870900026849],[-90.7375499997377,38.773169999967116],[-90.7263699998012,38.77319999965494],[-90.72054000008258,38.77848000029393],[-90.70593999977339,38.778199999867134],[-90.69750399999198,38.78015800006017],[-90.69847200028764,38.78150900020775],[-90.69509799994572,38.784352000097456],[-90.69448399965238,38.78809599998346],[-90.69629999969477,38.79294700014637],[-90.69295200019045,38.79446600034896],[-90.6871140000759,38.79267000001439],[-90.68365500024348,38.79696400034966],[-90.67476099980433,38.79851899980289],[-90.67847999992775,38.80299999991621],[-90.6517099996451,38.801619999665306],[-90.64899999982522,38.80906000019081],[-90.64950000031574,38.81283999991962],[-90.66496000006723,38.82441999969286],[-90.65654699985203,38.8204419999457],[-90.65796299986134,38.82312299977844],[-90.65679299989932,38.832050000227305],[-90.66098999987362,38.840022000053544],[-90.64802300020706,38.83935099994738],[-90.64792299974961,38.847151000030465],[-90.62020000013825,38.847099999948064],[-90.61909999959812,38.85912000034229],[-90.62714000044274,38.85888999967556],[-90.63062000019156,38.85651000010573],[-90.63246999967083,38.85788999995963],[-90.63347999979928,38.86785999969632],[-90.6319900001701,38.8705400001201],[-90.62161000029978,38.8670600002714],[-90.61831999962344,38.867090000298646],[-90.61821000001858,38.8684900003122],[-90.65815299983214,38.88380200027008],[-90.65325500042418,38.885361000009965],[-90.65801700028801,38.88822699990227],[-90.65457299962588,38.89126599984672],[-90.6502860001382,38.890640999736625],[-90.64961999996635,38.894407000049426],[-90.64666699957388,38.89602999979887],[-90.65381600011574,38.90022400027484],[-90.6568260004096,38.90725399985617],[-90.65709099982516,38.91532499985441],[-90.66924900010305,38.93415900006476],[-90.69158200021187,38.9342349997856],[-90.69753400012922,38.93197900002692],[-90.69748100042575,38.9281510001636],[-90.69024099964732,38.924251000347915],[-90.68404799970554,38.91574899976604],[-90.69624299979337,38.91563000018505],[-90.70589600029078,38.921543000155104],[-90.71600599982438,38.91700699990674],[-90.717711000437,38.91473599978928],[-90.7163659996745,38.91262600021452],[-90.70623000020163,38.91350600016602],[-90.69943399983718,38.90841100034251],[-90.70755699962416,38.90265199973608],[-90.70928499980302,38.90309300001467],[-90.71012099985418,38.90761100028689],[-90.7141980001779,38.90989199985395],[-90.72407300043317,38.90882500012539],[-90.72277399970142,38.912766000158236],[-90.72457800004824,38.915180999928005],[-90.73169499990473,38.91398899984079],[-90.73561099967164,38.915832000342434],[-90.7352419996007,38.919290999908725],[-90.72607600007333,38.922631999681535],[-90.72376399973838,38.92517500033654],[-90.72472199998828,38.92824899988783],[-90.7288410001448,38.931141000009305],[-90.74377000034195,38.93011799966269],[-90.74917499991311,38.92418299967368],[-90.75674600022937,38.91981099979471],[-90.77640600032821,38.92301600021657],[-90.78265600017137,38.918295000186426],[-90.79267799984143,38.91740799966136],[-90.80441799964458,38.91113900023027],[-90.7975409999876,38.904429000291266],[-90.79970600000946,38.9011610003133],[-90.80594400015707,38.90173299998731],[-90.8082410004234,38.89997800000014],[-90.80692599979811,38.89524399993439],[-90.8102130001014,38.88560500001772],[-90.8062129997706,38.87901600006142],[-90.80818000032403,38.877520000044875],[-90.81324400031166,38.87895400023005],[-90.81429299989983,38.8785080002776]]],[[[-90.67722600030017,38.79745300030637],[-90.67512800022546,38.791361999815415],[-90.67156300008781,38.790857000244955],[-90.66879800001634,38.79545600000885],[-90.67014899972833,38.79791599966567],[-90.67212999962717,38.80000000002944],[-90.67275399996623,38.797934999993984],[-90.67605600033814,38.79797899988733],[-90.67722600030017,38.79745300030637]]]]}},{"type":"Feature","properties":{"zip":"63129"},"geometry":{"type":"Polygon","coordinates":[[[-90.37678300005226,38.45286799981294],[-90.3536309996107,38.45821699974003],[-90.33613499970878,38.45349100033627],[-90.33574499972144,38.44819499974213],[-90.34746299978329,38.435215999775444],[-90.34858800043777,38.430079000197935],[-90.34676999984724,38.41680399971904],[-90.34859400028556,38.40706899983767],[-90.34213400038011,38.38728500024129],[-90.31116999959788,38.41567900034389],[-90.29686999976266,38.42480799999738],[-90.29108400042499,38.43088999980279],[-90.27471099973111,38.48660699981126],[-90.29707300015225,38.493173000173606],[-90.31665100023534,38.50135099974242],[-90.33024899991369,38.502688999803524],[-90.32594999983212,38.50592699997831],[-90.33597999989809,38.51142100026496],[-90.34046399992758,38.50089900001519],[-90.35025299996911,38.491926000303174],[-90.37219400044079,38.465127000210394],[-90.37668400031806,38.453230999744314],[-90.37678300005226,38.45286799981294]]]}},{"type":"Feature","properties":{"zip":"63088"},"geometry":{"type":"Polygon","coordinates":[[[-90.54146699985642,38.539640999723865],[-90.53388700021767,38.53082900021298],[-90.52973100025123,38.530053000343145],[-90.51304299991308,38.53639999984345],[-90.51372199960544,38.534504000253484],[-90.50056900016601,38.53685399994816],[-90.49978900019134,38.533752999904046],[-90.498265000227,38.53370399996156],[-90.49502499977935,38.536075999895665],[-90.4944850000042,38.53295299969352],[-90.49138600002189,38.53724700025406],[-90.49187899994138,38.53931300016306],[-90.48539499974648,38.53903600010591],[-90.47342599961446,38.542351000146716],[-90.47325099971228,38.54757799981203],[-90.46355200008242,38.55250200012021],[-90.47609399960156,38.546921000167075],[-90.48160000035338,38.546450999924744],[-90.48173300042278,38.548207000031674],[-90.47245300019425,38.55121299999568],[-90.47297500042608,38.560190999771834],[-90.4796589997392,38.561241000219724],[-90.47403999990779,38.56404099970524],[-90.47421599963488,38.56654800011236],[-90.48378299991859,38.56919000026053],[-90.4958020002793,38.5676959997174],[-90.49737999977201,38.56485600004861],[-90.49607099989282,38.56384999981684],[-90.50221399960587,38.56118599987115],[-90.51088899976189,38.56040899990099],[-90.51165700004101,38.55115000000056],[-90.51389800023084,38.55269200027877],[-90.52055300012996,38.55202400022202],[-90.52067799980342,38.54676799978266],[-90.53459199984927,38.54875600003003],[-90.53168299983774,38.5444140002157],[-90.53189299990004,38.54133700034229],[-90.5414300000465,38.53969599969227],[-90.54146699985642,38.539640999723865]]]}},{"type":"Feature","properties":{"zip":"63025"},"geometry":{"type":"Polygon","coordinates":[[[-90.68106099987622,38.445820999899624],[-90.68273700017652,38.445057000116705],[-90.6801799996192,38.44103899998919],[-90.67211399973363,38.443833999954705],[-90.67210799988585,38.44152599994059],[-90.66955000040191,38.44080999975476],[-90.67063800034818,38.4392540000989],[-90.66441299972105,38.44066499974067],[-90.66470800017214,38.43132700008001],[-90.66306299983397,38.4296740001359],[-90.65552199965495,38.429514999839846],[-90.65096499983052,38.43319400027307],[-90.62739499981255,38.4326359999457],[-90.627671999822,38.42102100024094],[-90.63299000025283,38.42104599988255],[-90.63334500008007,38.4181180002835],[-90.63854999963469,38.4181819999781],[-90.62967000033755,38.41117000011912],[-90.62724000000185,38.41121999987649],[-90.6208500004166,38.418590000129285],[-90.61668000020647,38.420339999666226],[-90.59768000043168,38.42281000007203],[-90.5886210001361,38.42098500020698],[-90.59382499986582,38.42619199974506],[-90.5909789996035,38.4290909996846],[-90.58735200043988,38.428328000168335],[-90.58872400006825,38.43138199973593],[-90.5839399995648,38.434987999972755],[-90.58352899966107,38.43731800006627],[-90.58561800041326,38.438561000092534],[-90.59061799992847,38.43692800008113],[-90.59445199967962,38.440107000162314],[-90.58463599987391,38.44097900013628],[-90.58584000017112,38.44965999987618],[-90.58431700003167,38.45090000007042],[-90.56947700042129,38.44980599981098],[-90.57186000000303,38.45187499976273],[-90.56933199975802,38.45236799985714],[-90.56969400015626,38.45777400010593],[-90.57456300015022,38.457830000303574],[-90.5700699998999,38.461099999793426],[-90.5655569995581,38.46062900022765],[-90.56960000044494,38.4622099999163],[-90.56948999994175,38.46515200005413],[-90.57392499956745,38.465175000212156],[-90.57375300003832,38.47262399973096],[-90.57870300022311,38.472672999751936],[-90.57847999974206,38.477770000159836],[-90.58149000003591,38.47951999972115],[-90.57868700032961,38.47994199970651],[-90.57859899956775,38.48705899991081],[-90.5839739999,38.487199000076],[-90.58411000034243,38.501710000133215],[-90.56299700042435,38.50165400027033],[-90.56360099977361,38.503339000125706],[-90.54641500039142,38.51857499980855],[-90.54296599970641,38.526029000041916],[-90.52974700014477,38.52976499980519],[-90.53388700021767,38.53082900021298],[-90.53704700029935,38.536037999836545],[-90.54139200041168,38.53833000011315],[-90.54071799984389,38.54026499984875],[-90.53433499993132,38.5403259998441],[-90.53683600041215,38.540760999923805],[-90.54127199986276,38.54601700030658],[-90.55595900021058,38.54668799995259],[-90.57261900006131,38.53235599972826],[-90.5778770002177,38.53424300030412],[-90.5871080000424,38.53298500026628],[-90.60220299992092,38.540445999983504],[-90.62142000032897,38.54234499981157],[-90.62392900030743,38.54065399970399],[-90.6294820000166,38.546366999976414],[-90.65116300019724,38.54710999986194],[-90.65217199960247,38.539348000307406],[-90.6656909996381,38.54055699989902],[-90.67290799995202,38.52841400021741],[-90.67787999987813,38.52667100018422],[-90.67748499986791,38.51990299970604],[-90.68155600034386,38.514852999756414],[-90.68069099998036,38.50967100009599],[-90.67832400029216,38.50731399975421],[-90.66236300022524,38.5037880003402],[-90.67636500013462,38.50376000016753],[-90.66972399958088,38.50130400031663],[-90.66774400040528,38.493120000112484],[-90.67047599996647,38.48553499976447],[-90.66270100033405,38.48492300016491],[-90.66401699988593,38.47976899991969],[-90.66017399991394,38.47829600006686],[-90.65711699976441,38.464091999918644],[-90.6537440001457,38.45876100029796],[-90.65473300035777,38.456077999854806],[-90.66381000019668,38.4490540000444],[-90.68085199963886,38.44591599977879],[-90.68106099987622,38.445820999899624]]]}},{"type":"Feature","properties":{"zip":"63124"},"geometry":{"type":"Polygon","coordinates":[[[-90.4059409999395,38.618938999738326],[-90.40115599961115,38.61825599967272],[-90.4013149996198,38.61089699992003],[-90.37969299988868,38.60926399992815],[-90.37890100021845,38.61409300026886],[-90.3628609996105,38.61373999987444],[-90.36224200019261,38.63114899982596],[-90.35975499995548,38.63419100009433],[-90.35998299956113,38.63699199981984],[-90.3616859996256,38.63742899966837],[-90.35973800023703,38.638770999961146],[-90.36057500011313,38.64171799987507],[-90.35130900012831,38.63914799982354],[-90.34988899992105,38.64859699966614],[-90.3481259995821,38.646530000142775],[-90.34209500002204,38.645668000267186],[-90.34141799997953,38.65051100020188],[-90.34566000015968,38.64948200027836],[-90.34556800009817,38.6527679998027],[-90.34916400019794,38.65333300010323],[-90.34877000001266,38.65620899989142],[-90.35232500010456,38.65537500008325],[-90.3538139999088,38.65695199991496],[-90.35032300028932,38.658084999749526],[-90.34853400001111,38.66015100020726],[-90.34978299961584,38.66143199983373],[-90.40391099963686,38.65996699990512],[-90.40530300025506,38.65753400006315],[-90.40593900028969,38.61934099966511],[-90.4059409999395,38.618938999738326]]]}},{"type":"Feature","properties":{"zip":"63367"},"geometry":{"type":"Polygon","coordinates":[[[-90.84305999997486,38.76686699973731],[-90.82327799967727,38.76241599991627],[-90.81921200012253,38.75695699972019],[-90.81961499963035,38.74644000004372],[-90.81469100028312,38.74647200002134],[-90.8145149996577,38.74441399967458],[-90.81052400044602,38.74269700018349],[-90.8096630002805,38.74773100006249],[-90.80581199991259,38.74936699982497],[-90.80125300043835,38.7465100000637],[-90.80058200024361,38.743122999934876],[-90.79474800032705,38.74356700022749],[-90.79286000031462,38.74122399977775],[-90.78253999982043,38.74524000033878],[-90.78322500025887,38.74914299965569],[-90.77975100035782,38.749514999663795],[-90.78194099959572,38.754756999895214],[-90.78417000008999,38.75576999991485],[-90.78504999962377,38.76169199978806],[-90.77801200030832,38.76017200017105],[-90.77791000020106,38.76592899986981],[-90.76972999961437,38.7661400000294],[-90.77006000022557,38.77376399984196],[-90.7654020001188,38.7734600001561],[-90.7652899999658,38.77766799973918],[-90.75688099994856,38.777601000297324],[-90.75589199973653,38.78145200007754],[-90.74299899968979,38.78064199975242],[-90.74290599980337,38.78400699980003],[-90.74619700030462,38.78407400022587],[-90.74722699962625,38.793818000076136],[-90.75573399955276,38.79393900023083],[-90.7543979999094,38.80350800000112],[-90.80781000042816,38.80536999989094],[-90.8082620003398,38.8034880000773],[-90.8166139995573,38.803433999764856],[-90.81667399983178,38.79594899965882],[-90.82185400017036,38.795980000052616],[-90.8218299998809,38.792303999958655],[-90.81733800035381,38.79225199995127],[-90.81728099955409,38.79041999982698],[-90.8212449998999,38.787767000128774],[-90.82744500041268,38.788474999934756],[-90.82657500002631,38.79594300023602],[-90.83148199965511,38.796078000079405],[-90.83114799974426,38.788945999981706],[-90.83532700017523,38.78886699989668],[-90.83380999988357,38.785640000042996],[-90.83436300007754,38.781306999921654],[-90.83679800043612,38.78130399994428],[-90.83677199959853,38.77224100000408],[-90.84303200038578,38.77254800032845],[-90.84305800032503,38.76688800032499],[-90.84305999997486,38.76686699973731]]]}},{"type":"Feature","properties":{"zip":"63119"},"geometry":{"type":"Polygon","coordinates":[[[-90.38034499981686,38.604898000011644],[-90.37719899997886,38.6055300000831],[-90.37699999978723,38.60243500032396],[-90.37231400009138,38.602377000154],[-90.37507800033795,38.586262000077056],[-90.37724500000961,38.586486999826185],[-90.37728299964445,38.57377199985056],[-90.36811700011707,38.56237199965162],[-90.3549119999008,38.56553800028405],[-90.35058799970487,38.564544999757594],[-90.35064799997933,38.56600800007158],[-90.33977600001441,38.56815499972896],[-90.31286199979172,38.58707900024251],[-90.32008800032646,38.59319100010877],[-90.3184229998968,38.59940499980684],[-90.32100999969305,38.59882899994994],[-90.33359300011838,38.60345100029862],[-90.33449699994162,38.60661999976386],[-90.3395929997163,38.609097999961],[-90.35008700028776,38.60820000002656],[-90.35120399964802,38.60490899970949],[-90.35164100038934,38.6073920002278],[-90.35872800010861,38.609158000204886],[-90.36270300032506,38.61256700002893],[-90.36124299993482,38.614804999958885],[-90.36240700004905,38.616047000211914],[-90.3628609996105,38.61373999987444],[-90.37890100021845,38.61409300026886],[-90.37964299965996,38.609139999785995],[-90.38034499981686,38.604898000011644]]]}},{"type":"Feature","properties":{"zip":"63043"},"geometry":{"type":"Polygon","coordinates":[[[-90.5063339995873,38.743544999962445],[-90.50298600008294,38.736547000160996],[-90.4976950003146,38.7328520003167],[-90.49790899967653,38.7264259996977],[-90.48697200031259,38.72957899980511],[-90.4793569996154,38.72101200028275],[-90.47172799957285,38.705225999857845],[-90.46858000008505,38.70441499980523],[-90.46859799962839,38.707041000261015],[-90.46025200025865,38.70989699986201],[-90.46038299977991,38.70532999980167],[-90.4568410001068,38.70510999966115],[-90.45669600034184,38.70141799967025],[-90.45340999986345,38.700419999946725],[-90.45423900024194,38.697476000116616],[-90.45053900038508,38.69815100009578],[-90.44974000014383,38.70394999996286],[-90.44484299966247,38.70221399967927],[-90.43765899985883,38.70856899989485],[-90.43392499966679,38.70656200013668],[-90.42162699964682,38.707068999738794],[-90.41426799994099,38.697471999655264],[-90.40871600005673,38.69632200006731],[-90.40729599984945,38.72229299971758],[-90.41831400030257,38.72487000031996],[-90.42072000034884,38.72904600015964],[-90.42925400003953,38.7290379999664],[-90.43051199986512,38.73834400034368],[-90.4387540003761,38.74306800031874],[-90.44099999969049,38.74204299991223],[-90.43948400012206,38.748589999665676],[-90.4822990001372,38.764348000141666],[-90.49284600041213,38.7513720002172],[-90.50607699966935,38.74362900030122],[-90.5063339995873,38.743544999962445]]]}},{"type":"Feature","properties":{"zip":"63301"},"geometry":{"type":"Polygon","coordinates":[[[-90.66924900010305,38.93415900006476],[-90.65709099982516,38.91532499985441],[-90.6568260004096,38.90725399985617],[-90.65381600011574,38.90022400027484],[-90.64666699957388,38.89602999979887],[-90.64961999996635,38.894407000049426],[-90.6502860001382,38.890640999736625],[-90.65457299962588,38.89126599984672],[-90.65801700028801,38.88822699990227],[-90.65325500042418,38.885361000009965],[-90.65815299983214,38.88380200027008],[-90.61821000001858,38.8684900003122],[-90.61831999962344,38.867090000298646],[-90.62161000029978,38.8670600002714],[-90.63263000040271,38.870380000133224],[-90.63238000015747,38.85773999987364],[-90.63047999955116,38.85646000007466],[-90.62714000044274,38.85888999967556],[-90.61909999959812,38.85912000034229],[-90.6189299997188,38.86127999992673],[-90.60167999986419,38.86252999986296],[-90.57649999966813,38.85363999976635],[-90.56429000041001,38.8538800001567],[-90.56463000016863,38.83811000031738],[-90.56036000039938,38.83788000028448],[-90.55842899983095,38.833715000321206],[-90.56137899985035,38.83224300034886],[-90.56097799999237,38.830324000127085],[-90.55833199974658,38.82975300017839],[-90.55854299963377,38.82362600004395],[-90.55497300037158,38.82280399966094],[-90.55096299999501,38.812211999712765],[-90.57085800027049,38.80619599986703],[-90.56861899973049,38.79818099984469],[-90.56968400011053,38.795364999794344],[-90.55992000018334,38.79167000029691],[-90.52633000014514,38.78477000026723],[-90.50626400016542,38.77317200018014],[-90.48245499977281,38.76401299998371],[-90.47318799996309,38.790977999824605],[-90.44955600002082,38.81989200020126],[-90.44166000001456,38.826321999876825],[-90.4340519998884,38.82873599979584],[-90.4231320002429,38.82876599989329],[-90.39225899969726,38.82227500033538],[-90.37041199983526,38.82330399977122],[-90.36216299965159,38.827860000333224],[-90.34911300014434,38.84169499992456],[-90.3425140003217,38.85854899990934],[-90.34076600005136,38.873484999898544],[-90.33327500010105,38.88705399995605],[-90.32503099994027,38.890911999992085],[-90.31615999996566,38.891694000190796],[-90.30100300016286,38.88903300017643],[-90.28957800000398,38.88457700013608],[-90.28925300031398,38.88728899991765],[-90.29165299961414,38.88869300014538],[-90.3088339998718,38.893007000183665],[-90.32000799996052,38.89387600001528],[-90.3266870001491,38.8920830001874],[-90.3401690003748,38.89619500034948],[-90.33260599955615,38.90345100007325],[-90.35773999972147,38.89809999998039],[-90.35844000022851,38.89449999982461],[-90.37577999959649,38.89702000014876],[-90.36950999966184,38.90687000000866],[-90.36489000008822,38.9056600002666],[-90.36106999968246,38.912879999838516],[-90.36444999987218,38.91331999995299],[-90.39264000036209,38.914329999906535],[-90.40718100022173,38.91050699974376],[-90.42760100020378,38.90900100006821],[-90.44480599985255,38.89750399989561],[-90.4728799999915,38.898110000284],[-90.47275000029516,38.920440000195754],[-90.43505000032128,38.92020000021504],[-90.43454099960994,38.9508269996924],[-90.45377599956137,38.94939700027074],[-90.44898100008555,38.95303700016167],[-90.45350199992497,38.95246600013655],[-90.43440900026377,38.959005999652426],[-90.43440500006581,38.96574499967281],[-90.43920299991466,38.9672870001811],[-90.4512790001768,38.9677310001205],[-90.47172900029607,38.959185999897095],[-90.48307099971596,38.94307000022214],[-90.48272500010955,38.934711999906824],[-90.48705799962801,38.92586199994075],[-90.50745099984586,38.902766999964946],[-90.51696299987796,38.8988179998843],[-90.54683100031802,38.87400899996173],[-90.56102099965007,38.869475999876215],[-90.58338800009406,38.869029999893336],[-90.62335600002199,38.88714900007878],[-90.62848500030694,38.89161699980946],[-90.63699399988327,38.90512299978214],[-90.66301799962814,38.926283000328965],[-90.66318099983475,38.934223999739125],[-90.66924900010305,38.93415900006476]]]}}]}